[
{
    "model": "admin.logentry",
    "pk": 1,
    "fields": {
        "action_time": "2021-12-22T08:00:42.611Z",
        "user": 1,
        "content_type": null,
        "object_id": "1",
        "object_repr": "Jeans",
        "action_flag": 1,
        "change_message": "[{\"added\": {}}]"
    }
},
{
    "model": "admin.logentry",
    "pk": 2,
    "fields": {
        "action_time": "2021-12-22T10:24:51.990Z",
        "user": 1,
        "content_type": null,
        "object_id": "2",
        "object_repr": "T-Shirts",
        "action_flag": 1,
        "change_message": "[{\"added\": {}}]"
    }
},
{
    "model": "admin.logentry",
    "pk": 3,
    "fields": {
        "action_time": "2021-12-22T10:29:00.694Z",
        "user": 1,
        "content_type": null,
        "object_id": "3",
        "object_repr": "Jackets",
        "action_flag": 1,
        "change_message": "[{\"added\": {}}]"
    }
},
{
    "model": "admin.logentry",
    "pk": 4,
    "fields": {
        "action_time": "2021-12-22T10:29:23.610Z",
        "user": 1,
        "content_type": null,
        "object_id": "4",
        "object_repr": "Shoes",
        "action_flag": 1,
        "change_message": "[{\"added\": {}}]"
    }
},
{
    "model": "admin.logentry",
    "pk": 5,
    "fields": {
        "action_time": "2021-12-22T10:30:11.841Z",
        "user": 1,
        "content_type": null,
        "object_id": "5",
        "object_repr": "Shirts",
        "action_flag": 1,
        "change_message": "[{\"added\": {}}]"
    }
},
{
    "model": "admin.logentry",
    "pk": 6,
    "fields": {
        "action_time": "2021-12-22T12:02:14.339Z",
        "user": 1,
        "content_type": null,
        "object_id": "1",
        "object_repr": "Fine shitt",
        "action_flag": 1,
        "change_message": "[{\"added\": {}}]"
    }
},
{
    "model": "admin.logentry",
    "pk": 7,
    "fields": {
        "action_time": "2021-12-22T12:03:29.601Z",
        "user": 1,
        "content_type": null,
        "object_id": "2",
        "object_repr": "ATX-Jeens",
        "action_flag": 1,
        "change_message": "[{\"added\": {}}]"
    }
},
{
    "model": "admin.logentry",
    "pk": 8,
    "fields": {
        "action_time": "2021-12-22T12:04:37.078Z",
        "user": 1,
        "content_type": null,
        "object_id": "3",
        "object_repr": "Blue T-Shirt",
        "action_flag": 1,
        "change_message": "[{\"added\": {}}]"
    }
},
{
    "model": "admin.logentry",
    "pk": 9,
    "fields": {
        "action_time": "2021-12-22T12:05:01.400Z",
        "user": 1,
        "content_type": null,
        "object_id": "4",
        "object_repr": "Boy Jeens",
        "action_flag": 1,
        "change_message": "[{\"added\": {}}]"
    }
},
{
    "model": "admin.logentry",
    "pk": 10,
    "fields": {
        "action_time": "2021-12-22T12:05:20.636Z",
        "user": 1,
        "content_type": null,
        "object_id": "4",
        "object_repr": "Boyfriend Jeens",
        "action_flag": 2,
        "change_message": "[{\"changed\": {\"fields\": [\"Product name\"]}}]"
    }
},
{
    "model": "admin.logentry",
    "pk": 11,
    "fields": {
        "action_time": "2021-12-22T12:05:41.929Z",
        "user": 1,
        "content_type": null,
        "object_id": "5",
        "object_repr": "Men's Jeens",
        "action_flag": 1,
        "change_message": "[{\"added\": {}}]"
    }
},
{
    "model": "admin.logentry",
    "pk": 12,
    "fields": {
        "action_time": "2021-12-22T12:06:15.615Z",
        "user": 1,
        "content_type": null,
        "object_id": "6",
        "object_repr": "Jordans",
        "action_flag": 1,
        "change_message": "[{\"added\": {}}]"
    }
},
{
    "model": "admin.logentry",
    "pk": 13,
    "fields": {
        "action_time": "2021-12-22T12:06:37.371Z",
        "user": 1,
        "content_type": null,
        "object_id": "7",
        "object_repr": "Hoodie",
        "action_flag": 1,
        "change_message": "[{\"added\": {}}]"
    }
},
{
    "model": "admin.logentry",
    "pk": 14,
    "fields": {
        "action_time": "2021-12-22T12:07:09.099Z",
        "user": 1,
        "content_type": null,
        "object_id": "8",
        "object_repr": "Puma Ferrari",
        "action_flag": 1,
        "change_message": "[{\"added\": {}}]"
    }
},
{
    "model": "admin.logentry",
    "pk": 15,
    "fields": {
        "action_time": "2021-12-22T12:07:55.357Z",
        "user": 1,
        "content_type": null,
        "object_id": "9",
        "object_repr": "Wrangler Shirt",
        "action_flag": 1,
        "change_message": "[{\"added\": {}}]"
    }
},
{
    "model": "admin.logentry",
    "pk": 16,
    "fields": {
        "action_time": "2021-12-22T12:09:46.262Z",
        "user": 1,
        "content_type": null,
        "object_id": "9",
        "object_repr": "Wrangler Shirt",
        "action_flag": 2,
        "change_message": "[{\"changed\": {\"fields\": [\"Description\"]}}]"
    }
},
{
    "model": "admin.logentry",
    "pk": 17,
    "fields": {
        "action_time": "2021-12-22T12:10:26.377Z",
        "user": 1,
        "content_type": null,
        "object_id": "3",
        "object_repr": "Blue T-Shirt",
        "action_flag": 2,
        "change_message": "[{\"changed\": {\"fields\": [\"Description\"]}}]"
    }
},
{
    "model": "admin.logentry",
    "pk": 18,
    "fields": {
        "action_time": "2021-12-22T18:55:52.211Z",
        "user": 2,
        "content_type": null,
        "object_id": "6",
        "object_repr": "best",
        "action_flag": 1,
        "change_message": "[{\"added\": {}}]"
    }
},
{
    "model": "admin.logentry",
    "pk": 19,
    "fields": {
        "action_time": "2021-12-22T18:55:59.605Z",
        "user": 2,
        "content_type": null,
        "object_id": "9",
        "object_repr": "Wrangler Shirt",
        "action_flag": 2,
        "change_message": "[{\"changed\": {\"fields\": [\"Category\"]}}]"
    }
},
{
    "model": "admin.logentry",
    "pk": 20,
    "fields": {
        "action_time": "2021-12-22T18:56:28.695Z",
        "user": 2,
        "content_type": null,
        "object_id": "9",
        "object_repr": "Wrangler Shirt",
        "action_flag": 2,
        "change_message": "[{\"changed\": {\"fields\": [\"Category\"]}}]"
    }
},
{
    "model": "admin.logentry",
    "pk": 21,
    "fields": {
        "action_time": "2021-12-22T18:56:58.144Z",
        "user": 2,
        "content_type": null,
        "object_id": "8",
        "object_repr": "Puma Ferrari",
        "action_flag": 2,
        "change_message": "[{\"changed\": {\"fields\": [\"Description\"]}}]"
    }
},
{
    "model": "admin.logentry",
    "pk": 22,
    "fields": {
        "action_time": "2021-12-22T18:57:06.390Z",
        "user": 2,
        "content_type": null,
        "object_id": "7",
        "object_repr": "Hoodie",
        "action_flag": 2,
        "change_message": "[{\"changed\": {\"fields\": [\"Description\"]}}]"
    }
},
{
    "model": "admin.logentry",
    "pk": 23,
    "fields": {
        "action_time": "2021-12-22T18:57:14.992Z",
        "user": 2,
        "content_type": null,
        "object_id": "6",
        "object_repr": "Jordans",
        "action_flag": 2,
        "change_message": "[{\"changed\": {\"fields\": [\"Description\"]}}]"
    }
},
{
    "model": "admin.logentry",
    "pk": 24,
    "fields": {
        "action_time": "2021-12-22T18:57:23.216Z",
        "user": 2,
        "content_type": null,
        "object_id": "5",
        "object_repr": "Men's Jeens",
        "action_flag": 2,
        "change_message": "[{\"changed\": {\"fields\": [\"Description\"]}}]"
    }
},
{
    "model": "admin.logentry",
    "pk": 25,
    "fields": {
        "action_time": "2021-12-22T18:58:23.330Z",
        "user": 2,
        "content_type": null,
        "object_id": "9",
        "object_repr": "Wrangler Shirt",
        "action_flag": 2,
        "change_message": "[]"
    }
},
{
    "model": "admin.logentry",
    "pk": 26,
    "fields": {
        "action_time": "2021-12-22T18:58:38.723Z",
        "user": 2,
        "content_type": null,
        "object_id": "8",
        "object_repr": "Puma Ferrari",
        "action_flag": 2,
        "change_message": "[]"
    }
},
{
    "model": "admin.logentry",
    "pk": 27,
    "fields": {
        "action_time": "2021-12-22T18:58:46.729Z",
        "user": 2,
        "content_type": null,
        "object_id": "7",
        "object_repr": "Hoodie",
        "action_flag": 2,
        "change_message": "[]"
    }
},
{
    "model": "admin.logentry",
    "pk": 28,
    "fields": {
        "action_time": "2021-12-22T18:58:57.123Z",
        "user": 2,
        "content_type": null,
        "object_id": "6",
        "object_repr": "Jordans",
        "action_flag": 2,
        "change_message": "[]"
    }
},
{
    "model": "admin.logentry",
    "pk": 29,
    "fields": {
        "action_time": "2021-12-22T18:59:04.356Z",
        "user": 2,
        "content_type": null,
        "object_id": "5",
        "object_repr": "Men's Jeens",
        "action_flag": 2,
        "change_message": "[]"
    }
},
{
    "model": "admin.logentry",
    "pk": 30,
    "fields": {
        "action_time": "2021-12-22T18:59:47.248Z",
        "user": 2,
        "content_type": null,
        "object_id": "4",
        "object_repr": "Boyfriend Jeens",
        "action_flag": 2,
        "change_message": "[{\"changed\": {\"fields\": [\"Description\"]}}]"
    }
},
{
    "model": "admin.logentry",
    "pk": 31,
    "fields": {
        "action_time": "2021-12-22T19:00:04.403Z",
        "user": 2,
        "content_type": null,
        "object_id": "3",
        "object_repr": "Blue T-Shirt",
        "action_flag": 2,
        "change_message": "[]"
    }
},
{
    "model": "admin.logentry",
    "pk": 32,
    "fields": {
        "action_time": "2021-12-22T19:00:14.852Z",
        "user": 2,
        "content_type": null,
        "object_id": "2",
        "object_repr": "ATX-Jeens",
        "action_flag": 2,
        "change_message": "[{\"changed\": {\"fields\": [\"Description\"]}}]"
    }
},
{
    "model": "admin.logentry",
    "pk": 33,
    "fields": {
        "action_time": "2021-12-22T19:00:21.053Z",
        "user": 2,
        "content_type": null,
        "object_id": "1",
        "object_repr": "Fine shitt",
        "action_flag": 2,
        "change_message": "[]"
    }
},
{
    "model": "admin.logentry",
    "pk": 34,
    "fields": {
        "action_time": "2021-12-22T19:01:52.728Z",
        "user": 2,
        "content_type": null,
        "object_id": "1",
        "object_repr": "Jeans",
        "action_flag": 3,
        "change_message": ""
    }
},
{
    "model": "admin.logentry",
    "pk": 35,
    "fields": {
        "action_time": "2021-12-22T19:09:17.791Z",
        "user": 2,
        "content_type": null,
        "object_id": "7",
        "object_repr": "jeans",
        "action_flag": 1,
        "change_message": "[{\"added\": {}}]"
    }
},
{
    "model": "admin.logentry",
    "pk": 36,
    "fields": {
        "action_time": "2021-12-22T19:09:51.381Z",
        "user": 2,
        "content_type": null,
        "object_id": "10",
        "object_repr": "jean 1",
        "action_flag": 1,
        "change_message": "[{\"added\": {}}]"
    }
},
{
    "model": "admin.logentry",
    "pk": 37,
    "fields": {
        "action_time": "2021-12-22T19:11:51.175Z",
        "user": 2,
        "content_type": null,
        "object_id": "7",
        "object_repr": "jeans",
        "action_flag": 2,
        "change_message": "[{\"changed\": {\"fields\": [\"Category image\"]}}]"
    }
},
{
    "model": "admin.logentry",
    "pk": 38,
    "fields": {
        "action_time": "2021-12-22T19:12:24.981Z",
        "user": 2,
        "content_type": null,
        "object_id": "2",
        "object_repr": "TShirts",
        "action_flag": 2,
        "change_message": "[{\"changed\": {\"fields\": [\"Category name\", \"Slug\"]}}]"
    }
},
{
    "model": "admin.logentry",
    "pk": 39,
    "fields": {
        "action_time": "2021-12-22T19:13:30.025Z",
        "user": 2,
        "content_type": null,
        "object_id": "11",
        "object_repr": "jean",
        "action_flag": 1,
        "change_message": "[{\"added\": {}}]"
    }
},
{
    "model": "admin.logentry",
    "pk": 40,
    "fields": {
        "action_time": "2021-12-22T19:13:56.725Z",
        "user": 2,
        "content_type": null,
        "object_id": "12",
        "object_repr": "tshirt",
        "action_flag": 1,
        "change_message": "[{\"added\": {}}]"
    }
},
{
    "model": "admin.logentry",
    "pk": 41,
    "fields": {
        "action_time": "2021-12-22T19:14:48.769Z",
        "user": 2,
        "content_type": null,
        "object_id": "3",
        "object_repr": "Blue T-Shirt",
        "action_flag": 2,
        "change_message": "[]"
    }
},
{
    "model": "admin.logentry",
    "pk": 42,
    "fields": {
        "action_time": "2021-12-22T19:33:33.059Z",
        "user": 2,
        "content_type": null,
        "object_id": "11",
        "object_repr": "jean",
        "action_flag": 2,
        "change_message": "[{\"changed\": {\"fields\": [\"Category\"]}}]"
    }
},
{
    "model": "admin.logentry",
    "pk": 43,
    "fields": {
        "action_time": "2021-12-22T19:34:02.165Z",
        "user": 2,
        "content_type": null,
        "object_id": "7",
        "object_repr": "jean",
        "action_flag": 2,
        "change_message": "[{\"changed\": {\"fields\": [\"Category name\", \"Slug\"]}}]"
    }
},
{
    "model": "admin.logentry",
    "pk": 44,
    "fields": {
        "action_time": "2021-12-22T19:34:23.638Z",
        "user": 2,
        "content_type": null,
        "object_id": "7",
        "object_repr": "jean",
        "action_flag": 2,
        "change_message": "[{\"changed\": {\"fields\": [\"Slug\"]}}]"
    }
},
{
    "model": "admin.logentry",
    "pk": 45,
    "fields": {
        "action_time": "2021-12-22T19:34:39.713Z",
        "user": 2,
        "content_type": null,
        "object_id": "7",
        "object_repr": "jean",
        "action_flag": 2,
        "change_message": "[{\"changed\": {\"fields\": [\"Slug\"]}}]"
    }
},
{
    "model": "admin.logentry",
    "pk": 46,
    "fields": {
        "action_time": "2021-12-23T03:23:08.597Z",
        "user": 2,
        "content_type": null,
        "object_id": "8",
        "object_repr": "under",
        "action_flag": 1,
        "change_message": "[{\"added\": {}}]"
    }
},
{
    "model": "admin.logentry",
    "pk": 47,
    "fields": {
        "action_time": "2021-12-23T03:23:12.558Z",
        "user": 2,
        "content_type": null,
        "object_id": "12",
        "object_repr": "tshirt",
        "action_flag": 2,
        "change_message": "[{\"changed\": {\"fields\": [\"Category\"]}}]"
    }
},
{
    "model": "admin.logentry",
    "pk": 48,
    "fields": {
        "action_time": "2021-12-23T03:24:15.392Z",
        "user": 2,
        "content_type": null,
        "object_id": "12",
        "object_repr": "tshirt",
        "action_flag": 2,
        "change_message": "[{\"changed\": {\"fields\": [\"Category\"]}}]"
    }
},
{
    "model": "admin.logentry",
    "pk": 49,
    "fields": {
        "action_time": "2021-12-23T03:24:31.715Z",
        "user": 2,
        "content_type": null,
        "object_id": "11",
        "object_repr": "jean",
        "action_flag": 2,
        "change_message": "[{\"changed\": {\"fields\": [\"Category\"]}}]"
    }
},
{
    "model": "admin.logentry",
    "pk": 50,
    "fields": {
        "action_time": "2021-12-23T03:24:40.160Z",
        "user": 2,
        "content_type": null,
        "object_id": "10",
        "object_repr": "jean 1",
        "action_flag": 2,
        "change_message": "[{\"changed\": {\"fields\": [\"Category\"]}}]"
    }
},
{
    "model": "admin.logentry",
    "pk": 51,
    "fields": {
        "action_time": "2021-12-23T03:30:01.996Z",
        "user": 2,
        "content_type": null,
        "object_id": "7",
        "object_repr": "jean",
        "action_flag": 2,
        "change_message": "[{\"changed\": {\"fields\": [\"Slug\"]}}]"
    }
},
{
    "model": "admin.logentry",
    "pk": 52,
    "fields": {
        "action_time": "2021-12-23T03:30:23.060Z",
        "user": 2,
        "content_type": null,
        "object_id": "7",
        "object_repr": "jeans",
        "action_flag": 2,
        "change_message": "[{\"changed\": {\"fields\": [\"Category name\", \"Slug\"]}}]"
    }
},
{
    "model": "admin.logentry",
    "pk": 53,
    "fields": {
        "action_time": "2021-12-23T03:30:38.695Z",
        "user": 2,
        "content_type": null,
        "object_id": "8",
        "object_repr": "under",
        "action_flag": 3,
        "change_message": ""
    }
},
{
    "model": "admin.logentry",
    "pk": 54,
    "fields": {
        "action_time": "2021-12-23T03:30:39.361Z",
        "user": 2,
        "content_type": null,
        "object_id": "6",
        "object_repr": "best",
        "action_flag": 3,
        "change_message": ""
    }
},
{
    "model": "admin.logentry",
    "pk": 55,
    "fields": {
        "action_time": "2021-12-23T03:31:22.888Z",
        "user": 2,
        "content_type": null,
        "object_id": "11",
        "object_repr": "jean",
        "action_flag": 2,
        "change_message": "[{\"changed\": {\"fields\": [\"Category\"]}}]"
    }
},
{
    "model": "admin.logentry",
    "pk": 56,
    "fields": {
        "action_time": "2021-12-23T03:32:58.283Z",
        "user": 2,
        "content_type": null,
        "object_id": "13",
        "object_repr": "Boyfriend Jeens",
        "action_flag": 1,
        "change_message": "[{\"added\": {}}]"
    }
},
{
    "model": "admin.logentry",
    "pk": 57,
    "fields": {
        "action_time": "2021-12-23T03:33:08.821Z",
        "user": 2,
        "content_type": null,
        "object_id": "10",
        "object_repr": "jean 1",
        "action_flag": 2,
        "change_message": "[{\"changed\": {\"fields\": [\"Category\"]}}]"
    }
},
{
    "model": "admin.logentry",
    "pk": 58,
    "fields": {
        "action_time": "2021-12-23T03:33:30.363Z",
        "user": 2,
        "content_type": null,
        "object_id": "14",
        "object_repr": "Mavi_jeans",
        "action_flag": 1,
        "change_message": "[{\"added\": {}}]"
    }
},
{
    "model": "admin.logentry",
    "pk": 59,
    "fields": {
        "action_time": "2021-12-23T03:34:49.652Z",
        "user": 2,
        "content_type": null,
        "object_id": "7",
        "object_repr": "jeans",
        "action_flag": 2,
        "change_message": "[{\"changed\": {\"fields\": [\"Slug\"]}}]"
    }
},
{
    "model": "admin.logentry",
    "pk": 60,
    "fields": {
        "action_time": "2021-12-23T03:35:08.640Z",
        "user": 2,
        "content_type": null,
        "object_id": "7",
        "object_repr": "jeans",
        "action_flag": 2,
        "change_message": "[{\"changed\": {\"fields\": [\"Slug\"]}}]"
    }
},
{
    "model": "admin.logentry",
    "pk": 61,
    "fields": {
        "action_time": "2021-12-23T03:36:35.118Z",
        "user": 2,
        "content_type": null,
        "object_id": "7",
        "object_repr": "trousers",
        "action_flag": 2,
        "change_message": "[{\"changed\": {\"fields\": [\"Category name\", \"Slug\", \"Description\"]}}]"
    }
},
{
    "model": "admin.logentry",
    "pk": 62,
    "fields": {
        "action_time": "2021-12-23T09:03:16.939Z",
        "user": 2,
        "content_type": null,
        "object_id": "14",
        "object_repr": "Mavi Jeans",
        "action_flag": 2,
        "change_message": "[{\"changed\": {\"fields\": [\"Product name\"]}}]"
    }
},
{
    "model": "admin.logentry",
    "pk": 63,
    "fields": {
        "action_time": "2021-12-23T09:05:22.492Z",
        "user": 2,
        "content_type": null,
        "object_id": "14",
        "object_repr": "Mavi Jeans",
        "action_flag": 2,
        "change_message": "[{\"changed\": {\"fields\": [\"Description\"]}}]"
    }
},
{
    "model": "admin.logentry",
    "pk": 64,
    "fields": {
        "action_time": "2021-12-23T09:51:19.251Z",
        "user": 2,
        "content_type": null,
        "object_id": "3",
        "object_repr": "Blue T-Shirt",
        "action_flag": 2,
        "change_message": "[{\"changed\": {\"fields\": [\"Stock\"]}}]"
    }
},
{
    "model": "admin.logentry",
    "pk": 65,
    "fields": {
        "action_time": "2021-12-25T18:17:35.609Z",
        "user": 2,
        "content_type": null,
        "object_id": "14",
        "object_repr": "Mavi Jeans",
        "action_flag": 2,
        "change_message": "[{\"changed\": {\"fields\": [\"Description\"]}}]"
    }
},
{
    "model": "admin.logentry",
    "pk": 66,
    "fields": {
        "action_time": "2021-12-25T18:17:42.632Z",
        "user": 2,
        "content_type": null,
        "object_id": "13",
        "object_repr": "Boyfriend Jeens",
        "action_flag": 2,
        "change_message": "[{\"changed\": {\"fields\": [\"Description\"]}}]"
    }
},
{
    "model": "admin.logentry",
    "pk": 67,
    "fields": {
        "action_time": "2021-12-25T18:22:11.654Z",
        "user": 2,
        "content_type": null,
        "object_id": "9",
        "object_repr": "Wrangler Shirt",
        "action_flag": 2,
        "change_message": "[{\"changed\": {\"fields\": [\"Description\"]}}]"
    }
},
{
    "model": "admin.logentry",
    "pk": 68,
    "fields": {
        "action_time": "2021-12-25T18:23:54.644Z",
        "user": 2,
        "content_type": null,
        "object_id": "7",
        "object_repr": "Hoodie",
        "action_flag": 2,
        "change_message": "[{\"changed\": {\"fields\": [\"Description\"]}}]"
    }
},
{
    "model": "admin.logentry",
    "pk": 69,
    "fields": {
        "action_time": "2021-12-25T19:59:17.966Z",
        "user": 2,
        "content_type": null,
        "object_id": "1",
        "object_repr": "Blue T-Shirt",
        "action_flag": 1,
        "change_message": "[{\"added\": {}}]"
    }
},
{
    "model": "admin.logentry",
    "pk": 70,
    "fields": {
        "action_time": "2021-12-25T20:02:29.921Z",
        "user": 2,
        "content_type": null,
        "object_id": "1",
        "object_repr": "Fine shirt",
        "action_flag": 2,
        "change_message": "[{\"changed\": {\"fields\": [\"Product name\", \"Slug\"]}}]"
    }
},
{
    "model": "admin.logentry",
    "pk": 71,
    "fields": {
        "action_time": "2021-12-25T20:02:46.643Z",
        "user": 2,
        "content_type": null,
        "object_id": "2",
        "object_repr": "Fine shirt",
        "action_flag": 1,
        "change_message": "[{\"added\": {}}]"
    }
},
{
    "model": "admin.logentry",
    "pk": 72,
    "fields": {
        "action_time": "2021-12-25T20:02:56.311Z",
        "user": 2,
        "content_type": null,
        "object_id": "3",
        "object_repr": "Fine shirt",
        "action_flag": 1,
        "change_message": "[{\"added\": {}}]"
    }
},
{
    "model": "admin.logentry",
    "pk": 73,
    "fields": {
        "action_time": "2021-12-25T20:03:03.463Z",
        "user": 2,
        "content_type": null,
        "object_id": "4",
        "object_repr": "Fine shirt",
        "action_flag": 1,
        "change_message": "[{\"added\": {}}]"
    }
},
{
    "model": "admin.logentry",
    "pk": 74,
    "fields": {
        "action_time": "2021-12-25T20:03:14.912Z",
        "user": 2,
        "content_type": null,
        "object_id": "5",
        "object_repr": "Fine shirt",
        "action_flag": 1,
        "change_message": "[{\"added\": {}}]"
    }
},
{
    "model": "admin.logentry",
    "pk": 75,
    "fields": {
        "action_time": "2021-12-25T20:03:27.555Z",
        "user": 2,
        "content_type": null,
        "object_id": "6",
        "object_repr": "Fine shirt",
        "action_flag": 1,
        "change_message": "[{\"added\": {}}]"
    }
},
{
    "model": "admin.logentry",
    "pk": 76,
    "fields": {
        "action_time": "2021-12-25T20:03:54.068Z",
        "user": 2,
        "content_type": null,
        "object_id": "7",
        "object_repr": "Fine shirt",
        "action_flag": 1,
        "change_message": "[{\"added\": {}}]"
    }
},
{
    "model": "admin.logentry",
    "pk": 77,
    "fields": {
        "action_time": "2021-12-25T20:04:01.767Z",
        "user": 2,
        "content_type": null,
        "object_id": "8",
        "object_repr": "Fine shirt",
        "action_flag": 1,
        "change_message": "[{\"added\": {}}]"
    }
},
{
    "model": "admin.logentry",
    "pk": 78,
    "fields": {
        "action_time": "2021-12-25T20:10:36.899Z",
        "user": 2,
        "content_type": null,
        "object_id": "1",
        "object_repr": "Hoodie",
        "action_flag": 2,
        "change_message": "[{\"changed\": {\"fields\": [\"Product\"]}}]"
    }
},
{
    "model": "admin.logentry",
    "pk": 79,
    "fields": {
        "action_time": "2021-12-26T04:58:26.652Z",
        "user": 2,
        "content_type": null,
        "object_id": "5",
        "object_repr": "Hoodie",
        "action_flag": 2,
        "change_message": "[{\"changed\": {\"fields\": [\"Product\"]}}]"
    }
},
{
    "model": "admin.logentry",
    "pk": 80,
    "fields": {
        "action_time": "2021-12-26T20:14:57.211Z",
        "user": 2,
        "content_type": null,
        "object_id": "3",
        "object_repr": "Mufasa@email.com",
        "action_flag": 3,
        "change_message": ""
    }
},
{
    "model": "admin.logentry",
    "pk": 81,
    "fields": {
        "action_time": "2021-12-26T20:14:57.313Z",
        "user": 2,
        "content_type": null,
        "object_id": "4",
        "object_repr": "Kingpeace@q.com",
        "action_flag": 3,
        "change_message": ""
    }
},
{
    "model": "admin.logentry",
    "pk": 82,
    "fields": {
        "action_time": "2021-12-26T20:14:57.712Z",
        "user": 2,
        "content_type": null,
        "object_id": "5",
        "object_repr": "kingpeace12345@gmail.comef",
        "action_flag": 3,
        "change_message": ""
    }
},
{
    "model": "admin.logentry",
    "pk": 83,
    "fields": {
        "action_time": "2021-12-26T20:14:57.989Z",
        "user": 2,
        "content_type": null,
        "object_id": "6",
        "object_repr": "kingpeace1234d5@gmail.comedw",
        "action_flag": 3,
        "change_message": ""
    }
},
{
    "model": "admin.logentry",
    "pk": 84,
    "fields": {
        "action_time": "2021-12-26T20:14:58.134Z",
        "user": 2,
        "content_type": null,
        "object_id": "7",
        "object_repr": "kingpeace12ww345@gmail.com",
        "action_flag": 3,
        "change_message": ""
    }
},
{
    "model": "admin.logentry",
    "pk": 85,
    "fields": {
        "action_time": "2021-12-26T20:14:58.334Z",
        "user": 2,
        "content_type": null,
        "object_id": "8",
        "object_repr": "kingpeacee12345@gmail.come",
        "action_flag": 3,
        "change_message": ""
    }
},
{
    "model": "admin.logentry",
    "pk": 86,
    "fields": {
        "action_time": "2021-12-26T20:14:58.571Z",
        "user": 2,
        "content_type": null,
        "object_id": "9",
        "object_repr": "kingewpeace12345@gmail.com",
        "action_flag": 3,
        "change_message": ""
    }
},
{
    "model": "admin.logentry",
    "pk": 87,
    "fields": {
        "action_time": "2021-12-26T20:14:58.666Z",
        "user": 2,
        "content_type": null,
        "object_id": "10",
        "object_repr": "kingpeqwqace12345@gmail.com",
        "action_flag": 3,
        "change_message": ""
    }
},
{
    "model": "admin.logentry",
    "pk": 88,
    "fields": {
        "action_time": "2021-12-26T20:14:58.777Z",
        "user": 2,
        "content_type": null,
        "object_id": "11",
        "object_repr": "kingpeadsdce12345@gmail.com",
        "action_flag": 3,
        "change_message": ""
    }
},
{
    "model": "admin.logentry",
    "pk": 89,
    "fields": {
        "action_time": "2021-12-26T20:14:58.934Z",
        "user": 2,
        "content_type": null,
        "object_id": "12",
        "object_repr": "kindsgpeace12345@gmail.com",
        "action_flag": 3,
        "change_message": ""
    }
},
{
    "model": "admin.logentry",
    "pk": 90,
    "fields": {
        "action_time": "2021-12-26T20:14:59.122Z",
        "user": 2,
        "content_type": null,
        "object_id": "13",
        "object_repr": "kingpwqwqeace12345@gmail.com",
        "action_flag": 3,
        "change_message": ""
    }
},
{
    "model": "admin.logentry",
    "pk": 91,
    "fields": {
        "action_time": "2021-12-26T20:14:59.276Z",
        "user": 2,
        "content_type": null,
        "object_id": "14",
        "object_repr": "kingpesdfdface12345@gmail.com",
        "action_flag": 3,
        "change_message": ""
    }
},
{
    "model": "admin.logentry",
    "pk": 92,
    "fields": {
        "action_time": "2021-12-26T20:14:59.384Z",
        "user": 2,
        "content_type": null,
        "object_id": "15",
        "object_repr": "kingpeaxe12345@gmail.com",
        "action_flag": 3,
        "change_message": ""
    }
},
{
    "model": "admin.logentry",
    "pk": 93,
    "fields": {
        "action_time": "2021-12-26T20:19:04.855Z",
        "user": 2,
        "content_type": null,
        "object_id": "16",
        "object_repr": "kingpeace12345@gmail.com",
        "action_flag": 2,
        "change_message": "[{\"changed\": {\"fields\": [\"password\"]}}]"
    }
},
{
    "model": "admin.logentry",
    "pk": 94,
    "fields": {
        "action_time": "2021-12-26T20:19:10.728Z",
        "user": 2,
        "content_type": null,
        "object_id": "16",
        "object_repr": "kingpeace12345@gmail.com",
        "action_flag": 2,
        "change_message": "[]"
    }
},
{
    "model": "admin.logentry",
    "pk": 95,
    "fields": {
        "action_time": "2021-12-26T20:38:23.951Z",
        "user": 2,
        "content_type": null,
        "object_id": "16",
        "object_repr": "kingpeace12345@gmail.com",
        "action_flag": 3,
        "change_message": ""
    }
},
{
    "model": "admin.logentry",
    "pk": 96,
    "fields": {
        "action_time": "2021-12-26T20:42:14.622Z",
        "user": 2,
        "content_type": null,
        "object_id": "17",
        "object_repr": "kingpeace12345@gmail.com",
        "action_flag": 3,
        "change_message": ""
    }
},
{
    "model": "admin.logentry",
    "pk": 97,
    "fields": {
        "action_time": "2021-12-26T20:53:31.483Z",
        "user": 2,
        "content_type": null,
        "object_id": "18",
        "object_repr": "kingpeace12345@gmail.com",
        "action_flag": 3,
        "change_message": ""
    }
},
{
    "model": "admin.logentry",
    "pk": 98,
    "fields": {
        "action_time": "2021-12-26T21:30:53.130Z",
        "user": 2,
        "content_type": null,
        "object_id": "19",
        "object_repr": "kingpeace12345@gmail.com",
        "action_flag": 3,
        "change_message": ""
    }
},
{
    "model": "admin.logentry",
    "pk": 99,
    "fields": {
        "action_time": "2021-12-26T21:37:41.049Z",
        "user": 2,
        "content_type": null,
        "object_id": "20",
        "object_repr": "kingpeace12345@gmail.com",
        "action_flag": 3,
        "change_message": ""
    }
},
{
    "model": "admin.logentry",
    "pk": 100,
    "fields": {
        "action_time": "2021-12-27T04:01:53.597Z",
        "user": 2,
        "content_type": null,
        "object_id": "21",
        "object_repr": "kingpeace12345@gmail.com",
        "action_flag": 3,
        "change_message": ""
    }
},
{
    "model": "admin.logentry",
    "pk": 101,
    "fields": {
        "action_time": "2021-12-27T04:12:12.954Z",
        "user": 2,
        "content_type": null,
        "object_id": "22",
        "object_repr": "kingpeace12345@gmail.com",
        "action_flag": 2,
        "change_message": "[]"
    }
},
{
    "model": "admin.logentry",
    "pk": 102,
    "fields": {
        "action_time": "2021-12-27T04:12:23.187Z",
        "user": 2,
        "content_type": null,
        "object_id": "22",
        "object_repr": "kingpeace12345@gmail.com",
        "action_flag": 2,
        "change_message": "[{\"changed\": {\"fields\": [\"Is admin\"]}}]"
    }
},
{
    "model": "admin.logentry",
    "pk": 103,
    "fields": {
        "action_time": "2021-12-27T04:38:39.537Z",
        "user": 2,
        "content_type": null,
        "object_id": "22",
        "object_repr": "kingpeace12345@gmail.com",
        "action_flag": 3,
        "change_message": ""
    }
},
{
    "model": "admin.logentry",
    "pk": 104,
    "fields": {
        "action_time": "2021-12-27T06:27:19.538Z",
        "user": 2,
        "content_type": null,
        "object_id": "24",
        "object_repr": "king12345@gmail.com",
        "action_flag": 3,
        "change_message": ""
    }
},
{
    "model": "admin.logentry",
    "pk": 105,
    "fields": {
        "action_time": "2021-12-27T06:27:20.085Z",
        "user": 2,
        "content_type": null,
        "object_id": "23",
        "object_repr": "kingpeaxe12345@gmail.com",
        "action_flag": 3,
        "change_message": ""
    }
},
{
    "model": "admin.logentry",
    "pk": 106,
    "fields": {
        "action_time": "2021-12-27T06:32:42.212Z",
        "user": 2,
        "content_type": null,
        "object_id": "25",
        "object_repr": "kingpeace12345@gmail.com",
        "action_flag": 3,
        "change_message": ""
    }
},
{
    "model": "admin.logentry",
    "pk": 107,
    "fields": {
        "action_time": "2021-12-27T06:41:10.515Z",
        "user": 2,
        "content_type": null,
        "object_id": "27",
        "object_repr": "kingpeaxe12345@gmail.com",
        "action_flag": 2,
        "change_message": "[{\"changed\": {\"fields\": [\"Is active\"]}}]"
    }
},
{
    "model": "admin.logentry",
    "pk": 108,
    "fields": {
        "action_time": "2021-12-27T06:47:19.184Z",
        "user": 2,
        "content_type": null,
        "object_id": "26",
        "object_repr": "kingpeace12345@gmail.com",
        "action_flag": 3,
        "change_message": ""
    }
},
{
    "model": "admin.logentry",
    "pk": 109,
    "fields": {
        "action_time": "2021-12-27T06:47:19.416Z",
        "user": 2,
        "content_type": null,
        "object_id": "27",
        "object_repr": "kingpeaxe12345@gmail.com",
        "action_flag": 3,
        "change_message": ""
    }
},
{
    "model": "admin.logentry",
    "pk": 110,
    "fields": {
        "action_time": "2021-12-27T06:49:36.255Z",
        "user": 2,
        "content_type": null,
        "object_id": "28",
        "object_repr": "kingpeace12345@gmail.com",
        "action_flag": 3,
        "change_message": ""
    }
},
{
    "model": "admin.logentry",
    "pk": 111,
    "fields": {
        "action_time": "2021-12-28T05:53:13.389Z",
        "user": 2,
        "content_type": null,
        "object_id": "29",
        "object_repr": "kingpeace12345@gmail.com",
        "action_flag": 3,
        "change_message": ""
    }
},
{
    "model": "admin.logentry",
    "pk": 112,
    "fields": {
        "action_time": "2021-12-28T05:56:39.878Z",
        "user": 2,
        "content_type": null,
        "object_id": "30",
        "object_repr": "kingpeaxe12345@gmail.com",
        "action_flag": 3,
        "change_message": ""
    }
},
{
    "model": "admin.logentry",
    "pk": 113,
    "fields": {
        "action_time": "2021-12-28T05:59:07.431Z",
        "user": 2,
        "content_type": null,
        "object_id": "31",
        "object_repr": "kingpeaxe12345@gmail.com",
        "action_flag": 3,
        "change_message": ""
    }
},
{
    "model": "admin.logentry",
    "pk": 114,
    "fields": {
        "action_time": "2021-12-28T06:00:05.307Z",
        "user": 2,
        "content_type": null,
        "object_id": "32",
        "object_repr": "kingpeaxe12345@gmail.com",
        "action_flag": 3,
        "change_message": ""
    }
},
{
    "model": "admin.logentry",
    "pk": 115,
    "fields": {
        "action_time": "2021-12-28T06:01:52.766Z",
        "user": 2,
        "content_type": null,
        "object_id": "33",
        "object_repr": "kingpeaxe12345@gmail.com",
        "action_flag": 3,
        "change_message": ""
    }
},
{
    "model": "admin.logentry",
    "pk": 116,
    "fields": {
        "action_time": "2021-12-28T06:02:36.053Z",
        "user": 2,
        "content_type": null,
        "object_id": "34",
        "object_repr": "kingpeaxe12345@gmail.com",
        "action_flag": 3,
        "change_message": ""
    }
},
{
    "model": "admin.logentry",
    "pk": 117,
    "fields": {
        "action_time": "2021-12-28T06:02:36.511Z",
        "user": 2,
        "content_type": null,
        "object_id": "34",
        "object_repr": "kingpeaxe12345@gmail.com",
        "action_flag": 3,
        "change_message": ""
    }
},
{
    "model": "admin.logentry",
    "pk": 118,
    "fields": {
        "action_time": "2021-12-28T06:04:01.198Z",
        "user": 2,
        "content_type": null,
        "object_id": "35",
        "object_repr": "kingpeaxe12345@gmail.com",
        "action_flag": 3,
        "change_message": ""
    }
},
{
    "model": "admin.logentry",
    "pk": 119,
    "fields": {
        "action_time": "2021-12-28T06:42:28.222Z",
        "user": 2,
        "content_type": null,
        "object_id": "36",
        "object_repr": "kingpeaxe12345@gmail.com",
        "action_flag": 3,
        "change_message": ""
    }
},
{
    "model": "admin.logentry",
    "pk": 120,
    "fields": {
        "action_time": "2021-12-28T06:42:28.426Z",
        "user": 2,
        "content_type": null,
        "object_id": "37",
        "object_repr": "dsc@de.com",
        "action_flag": 3,
        "change_message": ""
    }
},
{
    "model": "admin.logentry",
    "pk": 121,
    "fields": {
        "action_time": "2021-12-28T06:42:28.696Z",
        "user": 2,
        "content_type": null,
        "object_id": "38",
        "object_repr": "q@q.comw",
        "action_flag": 3,
        "change_message": ""
    }
},
{
    "model": "admin.logentry",
    "pk": 122,
    "fields": {
        "action_time": "2021-12-28T06:53:19.423Z",
        "user": 2,
        "content_type": null,
        "object_id": "39",
        "object_repr": "kingpeaxe12345@gmail.com",
        "action_flag": 3,
        "change_message": ""
    }
},
{
    "model": "admin.logentry",
    "pk": 123,
    "fields": {
        "action_time": "2021-12-28T07:10:00.178Z",
        "user": 2,
        "content_type": null,
        "object_id": "40",
        "object_repr": "kingpeaxe12345@gmail.com",
        "action_flag": 3,
        "change_message": ""
    }
},
{
    "model": "admin.logentry",
    "pk": 124,
    "fields": {
        "action_time": "2021-12-28T07:39:17.439Z",
        "user": 2,
        "content_type": null,
        "object_id": "41",
        "object_repr": "kingpeace12345@gmail.com",
        "action_flag": 3,
        "change_message": ""
    }
},
{
    "model": "admin.logentry",
    "pk": 125,
    "fields": {
        "action_time": "2021-12-28T15:25:36.151Z",
        "user": 2,
        "content_type": null,
        "object_id": "7",
        "object_repr": "1obs53v6zye4cyec6bxattsfpnjc0084",
        "action_flag": 2,
        "change_message": "[]"
    }
},
{
    "model": "admin.logentry",
    "pk": 126,
    "fields": {
        "action_time": "2021-12-28T15:33:17.863Z",
        "user": 2,
        "content_type": null,
        "object_id": "63",
        "object_repr": "Fine shirt",
        "action_flag": 3,
        "change_message": ""
    }
},
{
    "model": "admin.logentry",
    "pk": 127,
    "fields": {
        "action_time": "2021-12-28T15:33:18.936Z",
        "user": 2,
        "content_type": null,
        "object_id": "62",
        "object_repr": "Hoodie",
        "action_flag": 3,
        "change_message": ""
    }
},
{
    "model": "admin.logentry",
    "pk": 128,
    "fields": {
        "action_time": "2021-12-28T15:33:19.938Z",
        "user": 2,
        "content_type": null,
        "object_id": "61",
        "object_repr": "Fine shirt",
        "action_flag": 3,
        "change_message": ""
    }
},
{
    "model": "admin.logentry",
    "pk": 129,
    "fields": {
        "action_time": "2021-12-28T15:33:20.635Z",
        "user": 2,
        "content_type": null,
        "object_id": "60",
        "object_repr": "Hoodie",
        "action_flag": 3,
        "change_message": ""
    }
},
{
    "model": "admin.logentry",
    "pk": 130,
    "fields": {
        "action_time": "2021-12-28T15:33:21.239Z",
        "user": 2,
        "content_type": null,
        "object_id": "59",
        "object_repr": "Fine shirt",
        "action_flag": 3,
        "change_message": ""
    }
},
{
    "model": "admin.logentry",
    "pk": 131,
    "fields": {
        "action_time": "2021-12-28T15:33:21.876Z",
        "user": 2,
        "content_type": null,
        "object_id": "58",
        "object_repr": "Fine shirt",
        "action_flag": 3,
        "change_message": ""
    }
},
{
    "model": "admin.logentry",
    "pk": 132,
    "fields": {
        "action_time": "2021-12-28T15:39:09.592Z",
        "user": 2,
        "content_type": null,
        "object_id": "64",
        "object_repr": "Fine shirt",
        "action_flag": 3,
        "change_message": ""
    }
},
{
    "model": "admin.logentry",
    "pk": 133,
    "fields": {
        "action_time": "2021-12-28T15:48:17.394Z",
        "user": 2,
        "content_type": null,
        "object_id": "66",
        "object_repr": "Fine shirt",
        "action_flag": 3,
        "change_message": ""
    }
},
{
    "model": "admin.logentry",
    "pk": 134,
    "fields": {
        "action_time": "2021-12-28T15:48:17.564Z",
        "user": 2,
        "content_type": null,
        "object_id": "72",
        "object_repr": "Fine shirt",
        "action_flag": 3,
        "change_message": ""
    }
},
{
    "model": "admin.logentry",
    "pk": 135,
    "fields": {
        "action_time": "2021-12-28T15:48:17.681Z",
        "user": 2,
        "content_type": null,
        "object_id": "67",
        "object_repr": "Fine shirt",
        "action_flag": 3,
        "change_message": ""
    }
},
{
    "model": "admin.logentry",
    "pk": 136,
    "fields": {
        "action_time": "2021-12-28T15:48:17.799Z",
        "user": 2,
        "content_type": null,
        "object_id": "68",
        "object_repr": "Fine shirt",
        "action_flag": 3,
        "change_message": ""
    }
},
{
    "model": "admin.logentry",
    "pk": 137,
    "fields": {
        "action_time": "2021-12-28T15:48:18.017Z",
        "user": 2,
        "content_type": null,
        "object_id": "69",
        "object_repr": "Fine shirt",
        "action_flag": 3,
        "change_message": ""
    }
},
{
    "model": "admin.logentry",
    "pk": 138,
    "fields": {
        "action_time": "2021-12-28T15:48:18.163Z",
        "user": 2,
        "content_type": null,
        "object_id": "71",
        "object_repr": "Hoodie",
        "action_flag": 3,
        "change_message": ""
    }
},
{
    "model": "admin.logentry",
    "pk": 139,
    "fields": {
        "action_time": "2021-12-28T15:48:18.385Z",
        "user": 2,
        "content_type": null,
        "object_id": "70",
        "object_repr": "Fine shirt",
        "action_flag": 3,
        "change_message": ""
    }
},
{
    "model": "admin.logentry",
    "pk": 140,
    "fields": {
        "action_time": "2021-12-28T16:04:08.769Z",
        "user": 2,
        "content_type": null,
        "object_id": "75",
        "object_repr": "Fine shirt",
        "action_flag": 3,
        "change_message": ""
    }
},
{
    "model": "admin.logentry",
    "pk": 141,
    "fields": {
        "action_time": "2021-12-28T16:04:08.982Z",
        "user": 2,
        "content_type": null,
        "object_id": "74",
        "object_repr": "Fine shirt",
        "action_flag": 3,
        "change_message": ""
    }
},
{
    "model": "admin.logentry",
    "pk": 142,
    "fields": {
        "action_time": "2021-12-28T16:04:09.482Z",
        "user": 2,
        "content_type": null,
        "object_id": "73",
        "object_repr": "Fine shirt",
        "action_flag": 3,
        "change_message": ""
    }
},
{
    "model": "admin.logentry",
    "pk": 143,
    "fields": {
        "action_time": "2021-12-28T16:08:24.635Z",
        "user": 2,
        "content_type": null,
        "object_id": "79",
        "object_repr": "Fine shirt",
        "action_flag": 3,
        "change_message": ""
    }
},
{
    "model": "admin.logentry",
    "pk": 144,
    "fields": {
        "action_time": "2021-12-28T16:08:24.796Z",
        "user": 2,
        "content_type": null,
        "object_id": "78",
        "object_repr": "Fine shirt",
        "action_flag": 3,
        "change_message": ""
    }
},
{
    "model": "admin.logentry",
    "pk": 145,
    "fields": {
        "action_time": "2021-12-28T16:08:24.985Z",
        "user": 2,
        "content_type": null,
        "object_id": "77",
        "object_repr": "Hoodie",
        "action_flag": 3,
        "change_message": ""
    }
},
{
    "model": "admin.logentry",
    "pk": 146,
    "fields": {
        "action_time": "2021-12-28T16:08:25.283Z",
        "user": 2,
        "content_type": null,
        "object_id": "76",
        "object_repr": "Fine shirt",
        "action_flag": 3,
        "change_message": ""
    }
},
{
    "model": "admin.logentry",
    "pk": 147,
    "fields": {
        "action_time": "2021-12-28T16:09:31.542Z",
        "user": 2,
        "content_type": null,
        "object_id": "80",
        "object_repr": "Hoodie",
        "action_flag": 3,
        "change_message": ""
    }
},
{
    "model": "admin.logentry",
    "pk": 148,
    "fields": {
        "action_time": "2021-12-28T16:12:33.852Z",
        "user": 2,
        "content_type": null,
        "object_id": "82",
        "object_repr": "Fine shirt",
        "action_flag": 3,
        "change_message": ""
    }
},
{
    "model": "admin.logentry",
    "pk": 149,
    "fields": {
        "action_time": "2021-12-28T16:12:33.992Z",
        "user": 2,
        "content_type": null,
        "object_id": "81",
        "object_repr": "Fine shirt",
        "action_flag": 3,
        "change_message": ""
    }
},
{
    "model": "admin.logentry",
    "pk": 150,
    "fields": {
        "action_time": "2021-12-28T17:18:08.479Z",
        "user": 2,
        "content_type": null,
        "object_id": "91",
        "object_repr": "Hoodie",
        "action_flag": 3,
        "change_message": ""
    }
},
{
    "model": "admin.logentry",
    "pk": 151,
    "fields": {
        "action_time": "2021-12-28T17:18:08.653Z",
        "user": 2,
        "content_type": null,
        "object_id": "90",
        "object_repr": "Hoodie",
        "action_flag": 3,
        "change_message": ""
    }
},
{
    "model": "admin.logentry",
    "pk": 152,
    "fields": {
        "action_time": "2021-12-28T17:18:08.790Z",
        "user": 2,
        "content_type": null,
        "object_id": "89",
        "object_repr": "Hoodie",
        "action_flag": 3,
        "change_message": ""
    }
},
{
    "model": "admin.logentry",
    "pk": 153,
    "fields": {
        "action_time": "2021-12-28T17:18:08.875Z",
        "user": 2,
        "content_type": null,
        "object_id": "85",
        "object_repr": "Hoodie",
        "action_flag": 3,
        "change_message": ""
    }
},
{
    "model": "admin.logentry",
    "pk": 154,
    "fields": {
        "action_time": "2021-12-28T18:01:41.790Z",
        "user": 2,
        "content_type": null,
        "object_id": "102",
        "object_repr": "Fine shirt",
        "action_flag": 3,
        "change_message": ""
    }
},
{
    "model": "admin.logentry",
    "pk": 155,
    "fields": {
        "action_time": "2021-12-28T18:01:42.224Z",
        "user": 2,
        "content_type": null,
        "object_id": "96",
        "object_repr": "Fine shirt",
        "action_flag": 3,
        "change_message": ""
    }
},
{
    "model": "admin.logentry",
    "pk": 156,
    "fields": {
        "action_time": "2021-12-28T18:01:42.445Z",
        "user": 2,
        "content_type": null,
        "object_id": "95",
        "object_repr": "Fine shirt",
        "action_flag": 3,
        "change_message": ""
    }
},
{
    "model": "admin.logentry",
    "pk": 157,
    "fields": {
        "action_time": "2021-12-28T18:01:42.878Z",
        "user": 2,
        "content_type": null,
        "object_id": "94",
        "object_repr": "Fine shirt",
        "action_flag": 3,
        "change_message": ""
    }
},
{
    "model": "admin.logentry",
    "pk": 158,
    "fields": {
        "action_time": "2021-12-28T18:01:43.062Z",
        "user": 2,
        "content_type": null,
        "object_id": "93",
        "object_repr": "Fine shirt",
        "action_flag": 3,
        "change_message": ""
    }
},
{
    "model": "admin.logentry",
    "pk": 159,
    "fields": {
        "action_time": "2021-12-28T18:01:43.206Z",
        "user": 2,
        "content_type": null,
        "object_id": "92",
        "object_repr": "Fine shirt",
        "action_flag": 3,
        "change_message": ""
    }
},
{
    "model": "admin.logentry",
    "pk": 160,
    "fields": {
        "action_time": "2021-12-29T17:33:09.938Z",
        "user": 2,
        "content_type": null,
        "object_id": "2",
        "object_repr": "Mufasa",
        "action_flag": 2,
        "change_message": "[]"
    }
},
{
    "model": "admin.logentry",
    "pk": 161,
    "fields": {
        "action_time": "2021-12-29T17:35:48.582Z",
        "user": 2,
        "content_type": null,
        "object_id": "2",
        "object_repr": "Mufasa",
        "action_flag": 2,
        "change_message": "[]"
    }
},
{
    "model": "admin.logentry",
    "pk": 162,
    "fields": {
        "action_time": "2021-12-30T12:32:41.522Z",
        "user": 2,
        "content_type": null,
        "object_id": "42",
        "object_repr": "kingpeaxe12345@gmail.com",
        "action_flag": 3,
        "change_message": ""
    }
},
{
    "model": "admin.logentry",
    "pk": 163,
    "fields": {
        "action_time": "2021-12-30T12:32:41.654Z",
        "user": 2,
        "content_type": null,
        "object_id": "43",
        "object_repr": "kingpeace12345@gmail.com",
        "action_flag": 3,
        "change_message": ""
    }
},
{
    "model": "admin.logentry",
    "pk": 164,
    "fields": {
        "action_time": "2022-01-05T12:53:37.566Z",
        "user": 2,
        "content_type": null,
        "object_id": "1",
        "object_repr": "OrderProduct object (1)",
        "action_flag": 1,
        "change_message": "[{\"added\": {}}]"
    }
},
{
    "model": "admin.logentry",
    "pk": 165,
    "fields": {
        "action_time": "2022-01-05T16:24:23.952Z",
        "user": 2,
        "content_type": null,
        "object_id": "42",
        "object_repr": "God'sLove",
        "action_flag": 2,
        "change_message": "[{\"changed\": {\"fields\": [\"Is ordered\"]}}]"
    }
},
{
    "model": "admin.logentry",
    "pk": 166,
    "fields": {
        "action_time": "2022-01-05T18:51:15.071Z",
        "user": 2,
        "content_type": null,
        "object_id": "44",
        "object_repr": "God'sLove",
        "action_flag": 2,
        "change_message": "[{\"changed\": {\"fields\": [\"Payment\"]}}]"
    }
},
{
    "model": "admin.logentry",
    "pk": 167,
    "fields": {
        "action_time": "2022-01-05T19:07:30.300Z",
        "user": 2,
        "content_type": null,
        "object_id": "52",
        "object_repr": "James",
        "action_flag": 2,
        "change_message": "[{\"changed\": {\"fields\": [\"PaymentID\"]}}]"
    }
},
{
    "model": "admin.logentry",
    "pk": 168,
    "fields": {
        "action_time": "2022-01-05T19:19:28.867Z",
        "user": 2,
        "content_type": null,
        "object_id": "57",
        "object_repr": "Hope",
        "action_flag": 2,
        "change_message": "[{\"changed\": {\"fields\": [\"PaymentID\"]}}]"
    }
},
{
    "model": "admin.logentry",
    "pk": 169,
    "fields": {
        "action_time": "2022-01-05T20:51:53.666Z",
        "user": 2,
        "content_type": null,
        "object_id": "1",
        "object_repr": "verified: True, ordered: False",
        "action_flag": 3,
        "change_message": ""
    }
},
{
    "model": "admin.logentry",
    "pk": 170,
    "fields": {
        "action_time": "2022-01-05T21:00:28.666Z",
        "user": 2,
        "content_type": null,
        "object_id": "63",
        "object_repr": "2022010563",
        "action_flag": 2,
        "change_message": "[]"
    }
},
{
    "model": "admin.logentry",
    "pk": 171,
    "fields": {
        "action_time": "2022-01-05T21:08:07.190Z",
        "user": 2,
        "content_type": null,
        "object_id": "64",
        "object_repr": "2022010564",
        "action_flag": 3,
        "change_message": ""
    }
},
{
    "model": "admin.logentry",
    "pk": 172,
    "fields": {
        "action_time": "2022-01-05T21:08:07.377Z",
        "user": 2,
        "content_type": null,
        "object_id": "63",
        "object_repr": "2022010563",
        "action_flag": 3,
        "change_message": ""
    }
},
{
    "model": "admin.logentry",
    "pk": 173,
    "fields": {
        "action_time": "2022-01-05T21:08:07.462Z",
        "user": 2,
        "content_type": null,
        "object_id": "62",
        "object_repr": "2022010562",
        "action_flag": 3,
        "change_message": ""
    }
},
{
    "model": "admin.logentry",
    "pk": 174,
    "fields": {
        "action_time": "2022-01-05T21:08:07.574Z",
        "user": 2,
        "content_type": null,
        "object_id": "61",
        "object_repr": "2022010561",
        "action_flag": 3,
        "change_message": ""
    }
},
{
    "model": "admin.logentry",
    "pk": 175,
    "fields": {
        "action_time": "2022-01-05T21:08:07.683Z",
        "user": 2,
        "content_type": null,
        "object_id": "60",
        "object_repr": "2022010560",
        "action_flag": 3,
        "change_message": ""
    }
},
{
    "model": "admin.logentry",
    "pk": 176,
    "fields": {
        "action_time": "2022-01-05T21:08:07.831Z",
        "user": 2,
        "content_type": null,
        "object_id": "59",
        "object_repr": "2022010559",
        "action_flag": 3,
        "change_message": ""
    }
},
{
    "model": "admin.logentry",
    "pk": 177,
    "fields": {
        "action_time": "2022-01-05T21:08:07.933Z",
        "user": 2,
        "content_type": null,
        "object_id": "58",
        "object_repr": "2022010558",
        "action_flag": 3,
        "change_message": ""
    }
},
{
    "model": "admin.logentry",
    "pk": 178,
    "fields": {
        "action_time": "2022-01-05T21:08:08.085Z",
        "user": 2,
        "content_type": null,
        "object_id": "57",
        "object_repr": "2022010557",
        "action_flag": 3,
        "change_message": ""
    }
},
{
    "model": "admin.logentry",
    "pk": 179,
    "fields": {
        "action_time": "2022-01-05T21:08:08.162Z",
        "user": 2,
        "content_type": null,
        "object_id": "56",
        "object_repr": "2022010556",
        "action_flag": 3,
        "change_message": ""
    }
},
{
    "model": "admin.logentry",
    "pk": 180,
    "fields": {
        "action_time": "2022-01-05T21:08:08.240Z",
        "user": 2,
        "content_type": null,
        "object_id": "55",
        "object_repr": "2022010555",
        "action_flag": 3,
        "change_message": ""
    }
},
{
    "model": "admin.logentry",
    "pk": 181,
    "fields": {
        "action_time": "2022-01-05T21:08:19.450Z",
        "user": 2,
        "content_type": null,
        "object_id": "54",
        "object_repr": "2022010554",
        "action_flag": 3,
        "change_message": ""
    }
},
{
    "model": "admin.logentry",
    "pk": 182,
    "fields": {
        "action_time": "2022-01-05T21:08:19.601Z",
        "user": 2,
        "content_type": null,
        "object_id": "53",
        "object_repr": "2022010553",
        "action_flag": 3,
        "change_message": ""
    }
},
{
    "model": "admin.logentry",
    "pk": 183,
    "fields": {
        "action_time": "2022-01-05T21:08:19.727Z",
        "user": 2,
        "content_type": null,
        "object_id": "52",
        "object_repr": "2022010552",
        "action_flag": 3,
        "change_message": ""
    }
},
{
    "model": "admin.logentry",
    "pk": 184,
    "fields": {
        "action_time": "2022-01-05T21:08:19.861Z",
        "user": 2,
        "content_type": null,
        "object_id": "51",
        "object_repr": "2022010551",
        "action_flag": 3,
        "change_message": ""
    }
},
{
    "model": "admin.logentry",
    "pk": 185,
    "fields": {
        "action_time": "2022-01-05T21:08:19.946Z",
        "user": 2,
        "content_type": null,
        "object_id": "50",
        "object_repr": "2022010550",
        "action_flag": 3,
        "change_message": ""
    }
},
{
    "model": "admin.logentry",
    "pk": 186,
    "fields": {
        "action_time": "2022-01-05T21:08:20.047Z",
        "user": 2,
        "content_type": null,
        "object_id": "49",
        "object_repr": "2022010549",
        "action_flag": 3,
        "change_message": ""
    }
},
{
    "model": "admin.logentry",
    "pk": 187,
    "fields": {
        "action_time": "2022-01-05T21:08:20.182Z",
        "user": 2,
        "content_type": null,
        "object_id": "48",
        "object_repr": "2022010548",
        "action_flag": 3,
        "change_message": ""
    }
},
{
    "model": "admin.logentry",
    "pk": 188,
    "fields": {
        "action_time": "2022-01-05T21:08:20.320Z",
        "user": 2,
        "content_type": null,
        "object_id": "47",
        "object_repr": "2022010547",
        "action_flag": 3,
        "change_message": ""
    }
},
{
    "model": "admin.logentry",
    "pk": 189,
    "fields": {
        "action_time": "2022-01-05T21:08:20.512Z",
        "user": 2,
        "content_type": null,
        "object_id": "46",
        "object_repr": "2022010546",
        "action_flag": 3,
        "change_message": ""
    }
},
{
    "model": "admin.logentry",
    "pk": 190,
    "fields": {
        "action_time": "2022-01-05T21:08:20.681Z",
        "user": 2,
        "content_type": null,
        "object_id": "45",
        "object_repr": "2022010545",
        "action_flag": 3,
        "change_message": ""
    }
},
{
    "model": "admin.logentry",
    "pk": 191,
    "fields": {
        "action_time": "2022-01-05T21:08:20.754Z",
        "user": 2,
        "content_type": null,
        "object_id": "44",
        "object_repr": "2022010544",
        "action_flag": 3,
        "change_message": ""
    }
},
{
    "model": "admin.logentry",
    "pk": 192,
    "fields": {
        "action_time": "2022-01-05T21:08:20.914Z",
        "user": 2,
        "content_type": null,
        "object_id": "43",
        "object_repr": "2022010543",
        "action_flag": 3,
        "change_message": ""
    }
},
{
    "model": "admin.logentry",
    "pk": 193,
    "fields": {
        "action_time": "2022-01-05T21:08:21.009Z",
        "user": 2,
        "content_type": null,
        "object_id": "42",
        "object_repr": "2022010542",
        "action_flag": 3,
        "change_message": ""
    }
},
{
    "model": "admin.logentry",
    "pk": 194,
    "fields": {
        "action_time": "2022-01-05T21:08:21.130Z",
        "user": 2,
        "content_type": null,
        "object_id": "41",
        "object_repr": "2022010541",
        "action_flag": 3,
        "change_message": ""
    }
},
{
    "model": "admin.logentry",
    "pk": 195,
    "fields": {
        "action_time": "2022-01-05T21:08:21.219Z",
        "user": 2,
        "content_type": null,
        "object_id": "40",
        "object_repr": "2022010540",
        "action_flag": 3,
        "change_message": ""
    }
},
{
    "model": "admin.logentry",
    "pk": 196,
    "fields": {
        "action_time": "2022-01-05T21:08:21.297Z",
        "user": 2,
        "content_type": null,
        "object_id": "39",
        "object_repr": "2022010539",
        "action_flag": 3,
        "change_message": ""
    }
},
{
    "model": "admin.logentry",
    "pk": 197,
    "fields": {
        "action_time": "2022-01-05T21:08:21.497Z",
        "user": 2,
        "content_type": null,
        "object_id": "38",
        "object_repr": "2022010338",
        "action_flag": 3,
        "change_message": ""
    }
},
{
    "model": "admin.logentry",
    "pk": 198,
    "fields": {
        "action_time": "2022-01-05T21:08:21.575Z",
        "user": 2,
        "content_type": null,
        "object_id": "37",
        "object_repr": "2022010337",
        "action_flag": 3,
        "change_message": ""
    }
},
{
    "model": "admin.logentry",
    "pk": 199,
    "fields": {
        "action_time": "2022-01-05T21:08:21.752Z",
        "user": 2,
        "content_type": null,
        "object_id": "36",
        "object_repr": "2022010336",
        "action_flag": 3,
        "change_message": ""
    }
},
{
    "model": "admin.logentry",
    "pk": 200,
    "fields": {
        "action_time": "2022-01-05T21:08:21.850Z",
        "user": 2,
        "content_type": null,
        "object_id": "35",
        "object_repr": "2022010335",
        "action_flag": 3,
        "change_message": ""
    }
},
{
    "model": "admin.logentry",
    "pk": 201,
    "fields": {
        "action_time": "2022-01-05T21:08:21.985Z",
        "user": 2,
        "content_type": null,
        "object_id": "34",
        "object_repr": "2022010334",
        "action_flag": 3,
        "change_message": ""
    }
},
{
    "model": "admin.logentry",
    "pk": 202,
    "fields": {
        "action_time": "2022-01-05T21:08:22.062Z",
        "user": 2,
        "content_type": null,
        "object_id": "33",
        "object_repr": "2022010333",
        "action_flag": 3,
        "change_message": ""
    }
},
{
    "model": "admin.logentry",
    "pk": 203,
    "fields": {
        "action_time": "2022-01-05T21:08:22.151Z",
        "user": 2,
        "content_type": null,
        "object_id": "32",
        "object_repr": "2022010332",
        "action_flag": 3,
        "change_message": ""
    }
},
{
    "model": "admin.logentry",
    "pk": 204,
    "fields": {
        "action_time": "2022-01-05T21:08:22.251Z",
        "user": 2,
        "content_type": null,
        "object_id": "31",
        "object_repr": "2022010331",
        "action_flag": 3,
        "change_message": ""
    }
},
{
    "model": "admin.logentry",
    "pk": 205,
    "fields": {
        "action_time": "2022-01-05T21:08:22.351Z",
        "user": 2,
        "content_type": null,
        "object_id": "30",
        "object_repr": "2022010330",
        "action_flag": 3,
        "change_message": ""
    }
},
{
    "model": "admin.logentry",
    "pk": 206,
    "fields": {
        "action_time": "2022-01-05T21:08:22.533Z",
        "user": 2,
        "content_type": null,
        "object_id": "29",
        "object_repr": "2022010129",
        "action_flag": 3,
        "change_message": ""
    }
},
{
    "model": "admin.logentry",
    "pk": 207,
    "fields": {
        "action_time": "2022-01-05T21:08:22.608Z",
        "user": 2,
        "content_type": null,
        "object_id": "28",
        "object_repr": "2021123128",
        "action_flag": 3,
        "change_message": ""
    }
},
{
    "model": "admin.logentry",
    "pk": 208,
    "fields": {
        "action_time": "2022-01-05T21:08:22.722Z",
        "user": 2,
        "content_type": null,
        "object_id": "27",
        "object_repr": "2021123127",
        "action_flag": 3,
        "change_message": ""
    }
},
{
    "model": "admin.logentry",
    "pk": 209,
    "fields": {
        "action_time": "2022-01-05T21:08:22.805Z",
        "user": 2,
        "content_type": null,
        "object_id": "26",
        "object_repr": "2021123126",
        "action_flag": 3,
        "change_message": ""
    }
},
{
    "model": "admin.logentry",
    "pk": 210,
    "fields": {
        "action_time": "2022-01-05T21:08:22.917Z",
        "user": 2,
        "content_type": null,
        "object_id": "25",
        "object_repr": "2021123125",
        "action_flag": 3,
        "change_message": ""
    }
},
{
    "model": "admin.logentry",
    "pk": 211,
    "fields": {
        "action_time": "2022-01-05T21:08:23.015Z",
        "user": 2,
        "content_type": null,
        "object_id": "24",
        "object_repr": "2021123124",
        "action_flag": 3,
        "change_message": ""
    }
},
{
    "model": "admin.logentry",
    "pk": 212,
    "fields": {
        "action_time": "2022-01-05T21:08:23.139Z",
        "user": 2,
        "content_type": null,
        "object_id": "23",
        "object_repr": "2021123123",
        "action_flag": 3,
        "change_message": ""
    }
},
{
    "model": "admin.logentry",
    "pk": 213,
    "fields": {
        "action_time": "2022-01-05T21:08:23.232Z",
        "user": 2,
        "content_type": null,
        "object_id": "22",
        "object_repr": "2021123122",
        "action_flag": 3,
        "change_message": ""
    }
},
{
    "model": "admin.logentry",
    "pk": 214,
    "fields": {
        "action_time": "2022-01-05T21:08:23.465Z",
        "user": 2,
        "content_type": null,
        "object_id": "21",
        "object_repr": "2021123121",
        "action_flag": 3,
        "change_message": ""
    }
},
{
    "model": "admin.logentry",
    "pk": 215,
    "fields": {
        "action_time": "2022-01-05T21:08:23.536Z",
        "user": 2,
        "content_type": null,
        "object_id": "20",
        "object_repr": "2021123120",
        "action_flag": 3,
        "change_message": ""
    }
},
{
    "model": "admin.logentry",
    "pk": 216,
    "fields": {
        "action_time": "2022-01-05T21:08:23.620Z",
        "user": 2,
        "content_type": null,
        "object_id": "19",
        "object_repr": "2021123119",
        "action_flag": 3,
        "change_message": ""
    }
},
{
    "model": "admin.logentry",
    "pk": 217,
    "fields": {
        "action_time": "2022-01-05T21:08:23.727Z",
        "user": 2,
        "content_type": null,
        "object_id": "18",
        "object_repr": "2021123118",
        "action_flag": 3,
        "change_message": ""
    }
},
{
    "model": "admin.logentry",
    "pk": 218,
    "fields": {
        "action_time": "2022-01-05T21:08:23.809Z",
        "user": 2,
        "content_type": null,
        "object_id": "1",
        "object_repr": "202112291",
        "action_flag": 3,
        "change_message": ""
    }
},
{
    "model": "admin.logentry",
    "pk": 219,
    "fields": {
        "action_time": "2022-01-05T21:22:15.837Z",
        "user": 2,
        "content_type": null,
        "object_id": "1",
        "object_repr": "Fine shirt",
        "action_flag": 2,
        "change_message": "[{\"changed\": {\"fields\": [\"Stock\"]}}]"
    }
},
{
    "model": "admin.logentry",
    "pk": 220,
    "fields": {
        "action_time": "2022-01-05T21:26:51.999Z",
        "user": 2,
        "content_type": null,
        "object_id": "130",
        "object_repr": "Fine shirt",
        "action_flag": 3,
        "change_message": ""
    }
},
{
    "model": "admin.logentry",
    "pk": 221,
    "fields": {
        "action_time": "2022-01-05T21:26:52.089Z",
        "user": 2,
        "content_type": null,
        "object_id": "129",
        "object_repr": "Fine shirt",
        "action_flag": 3,
        "change_message": ""
    }
},
{
    "model": "admin.logentry",
    "pk": 222,
    "fields": {
        "action_time": "2022-01-05T21:33:26.364Z",
        "user": 2,
        "content_type": null,
        "object_id": "122",
        "object_repr": "Fine shirt",
        "action_flag": 2,
        "change_message": "[]"
    }
},
{
    "model": "admin.logentry",
    "pk": 223,
    "fields": {
        "action_time": "2022-01-05T23:17:00.380Z",
        "user": 2,
        "content_type": null,
        "object_id": "22",
        "object_repr": "verified: True, ordered: True",
        "action_flag": 3,
        "change_message": ""
    }
},
{
    "model": "admin.logentry",
    "pk": 224,
    "fields": {
        "action_time": "2022-01-05T23:17:01.447Z",
        "user": 2,
        "content_type": null,
        "object_id": "21",
        "object_repr": "verified: True, ordered: True",
        "action_flag": 3,
        "change_message": ""
    }
},
{
    "model": "admin.logentry",
    "pk": 225,
    "fields": {
        "action_time": "2022-01-05T23:17:01.801Z",
        "user": 2,
        "content_type": null,
        "object_id": "20",
        "object_repr": "verified: True, ordered: True",
        "action_flag": 3,
        "change_message": ""
    }
},
{
    "model": "admin.logentry",
    "pk": 226,
    "fields": {
        "action_time": "2022-01-05T23:17:02.140Z",
        "user": 2,
        "content_type": null,
        "object_id": "19",
        "object_repr": "verified: True, ordered: True",
        "action_flag": 3,
        "change_message": ""
    }
},
{
    "model": "admin.logentry",
    "pk": 227,
    "fields": {
        "action_time": "2022-01-05T23:17:02.382Z",
        "user": 2,
        "content_type": null,
        "object_id": "18",
        "object_repr": "verified: True, ordered: True",
        "action_flag": 3,
        "change_message": ""
    }
},
{
    "model": "admin.logentry",
    "pk": 228,
    "fields": {
        "action_time": "2022-01-05T23:17:02.899Z",
        "user": 2,
        "content_type": null,
        "object_id": "17",
        "object_repr": "verified: True, ordered: True",
        "action_flag": 3,
        "change_message": ""
    }
},
{
    "model": "admin.logentry",
    "pk": 229,
    "fields": {
        "action_time": "2022-01-05T23:17:14.472Z",
        "user": 2,
        "content_type": null,
        "object_id": "10",
        "object_repr": "verified: True, ordered: True",
        "action_flag": 3,
        "change_message": ""
    }
},
{
    "model": "admin.logentry",
    "pk": 230,
    "fields": {
        "action_time": "2022-01-05T23:17:34.908Z",
        "user": 2,
        "content_type": null,
        "object_id": "16",
        "object_repr": "verified: True, ordered: True",
        "action_flag": 3,
        "change_message": ""
    }
},
{
    "model": "admin.logentry",
    "pk": 231,
    "fields": {
        "action_time": "2022-01-05T23:17:35.281Z",
        "user": 2,
        "content_type": null,
        "object_id": "15",
        "object_repr": "verified: True, ordered: True",
        "action_flag": 3,
        "change_message": ""
    }
},
{
    "model": "admin.logentry",
    "pk": 232,
    "fields": {
        "action_time": "2022-01-05T23:17:35.628Z",
        "user": 2,
        "content_type": null,
        "object_id": "14",
        "object_repr": "verified: True, ordered: True",
        "action_flag": 3,
        "change_message": ""
    }
},
{
    "model": "admin.logentry",
    "pk": 233,
    "fields": {
        "action_time": "2022-01-05T23:17:35.890Z",
        "user": 2,
        "content_type": null,
        "object_id": "13",
        "object_repr": "verified: True, ordered: True",
        "action_flag": 3,
        "change_message": ""
    }
},
{
    "model": "admin.logentry",
    "pk": 234,
    "fields": {
        "action_time": "2022-01-05T23:17:36.180Z",
        "user": 2,
        "content_type": null,
        "object_id": "12",
        "object_repr": "verified: True, ordered: True",
        "action_flag": 3,
        "change_message": ""
    }
},
{
    "model": "admin.logentry",
    "pk": 235,
    "fields": {
        "action_time": "2022-01-05T23:17:36.529Z",
        "user": 2,
        "content_type": null,
        "object_id": "11",
        "object_repr": "verified: True, ordered: True",
        "action_flag": 3,
        "change_message": ""
    }
},
{
    "model": "admin.logentry",
    "pk": 236,
    "fields": {
        "action_time": "2022-01-06T05:37:02.620Z",
        "user": 2,
        "content_type": null,
        "object_id": "27",
        "object_repr": "verified: True, ordered: True",
        "action_flag": 2,
        "change_message": "[]"
    }
},
{
    "model": "admin.logentry",
    "pk": 237,
    "fields": {
        "action_time": "2022-01-06T11:17:10.127Z",
        "user": 2,
        "content_type": null,
        "object_id": "1",
        "object_repr": "James",
        "action_flag": 2,
        "change_message": "[]"
    }
},
{
    "model": "admin.logentry",
    "pk": 238,
    "fields": {
        "action_time": "2022-01-06T11:26:25.799Z",
        "user": 2,
        "content_type": null,
        "object_id": "2",
        "object_repr": "Man",
        "action_flag": 1,
        "change_message": "[{\"added\": {}}]"
    }
},
{
    "model": "admin.logentry",
    "pk": 239,
    "fields": {
        "action_time": "2022-01-06T11:29:12.545Z",
        "user": 2,
        "content_type": null,
        "object_id": "3",
        "object_repr": "Hope",
        "action_flag": 1,
        "change_message": "[{\"added\": {}}]"
    }
},
{
    "model": "admin.logentry",
    "pk": 240,
    "fields": {
        "action_time": "2022-01-06T12:24:42.164Z",
        "user": 2,
        "content_type": null,
        "object_id": "1",
        "object_repr": "James",
        "action_flag": 2,
        "change_message": "[{\"changed\": {\"fields\": [\"Rating\"]}}]"
    }
},
{
    "model": "admin.logentry",
    "pk": 241,
    "fields": {
        "action_time": "2022-01-07T07:26:03.247Z",
        "user": 2,
        "content_type": null,
        "object_id": "2",
        "object_repr": "Man",
        "action_flag": 3,
        "change_message": ""
    }
},
{
    "model": "admin.logentry",
    "pk": 242,
    "fields": {
        "action_time": "2022-01-07T07:26:20.087Z",
        "user": 2,
        "content_type": null,
        "object_id": "1",
        "object_repr": "",
        "action_flag": 3,
        "change_message": ""
    }
},
{
    "model": "admin.logentry",
    "pk": 243,
    "fields": {
        "action_time": "2022-01-07T07:27:30.467Z",
        "user": 2,
        "content_type": null,
        "object_id": "4",
        "object_repr": "Temitope",
        "action_flag": 2,
        "change_message": "[]"
    }
},
{
    "model": "admin.logentry",
    "pk": 244,
    "fields": {
        "action_time": "2022-01-07T07:27:35.514Z",
        "user": 2,
        "content_type": null,
        "object_id": "3",
        "object_repr": "Joshua",
        "action_flag": 2,
        "change_message": "[]"
    }
},
{
    "model": "admin.logentry",
    "pk": 245,
    "fields": {
        "action_time": "2022-01-07T07:27:44.266Z",
        "user": 2,
        "content_type": null,
        "object_id": "3",
        "object_repr": "Joshua",
        "action_flag": 2,
        "change_message": "[{\"changed\": {\"fields\": [\"Rating\"]}}]"
    }
},
{
    "model": "admin.logentry",
    "pk": 246,
    "fields": {
        "action_time": "2022-01-07T07:28:03.191Z",
        "user": 2,
        "content_type": null,
        "object_id": "3",
        "object_repr": "Joshua",
        "action_flag": 2,
        "change_message": "[{\"changed\": {\"fields\": [\"Rating\"]}}]"
    }
},
{
    "model": "admin.logentry",
    "pk": 247,
    "fields": {
        "action_time": "2022-01-07T09:34:08.710Z",
        "user": 2,
        "content_type": null,
        "object_id": "66",
        "object_repr": "2022010566",
        "action_flag": 2,
        "change_message": "[{\"changed\": {\"fields\": [\"Is ordered\"]}}]"
    }
},
{
    "model": "admin.logentry",
    "pk": 248,
    "fields": {
        "action_time": "2022-01-07T09:58:47.418Z",
        "user": 2,
        "content_type": null,
        "object_id": "78",
        "object_repr": "2022010778",
        "action_flag": 3,
        "change_message": ""
    }
},
{
    "model": "admin.logentry",
    "pk": 249,
    "fields": {
        "action_time": "2022-01-07T09:58:47.566Z",
        "user": 2,
        "content_type": null,
        "object_id": "77",
        "object_repr": "2022010777",
        "action_flag": 3,
        "change_message": ""
    }
},
{
    "model": "admin.logentry",
    "pk": 250,
    "fields": {
        "action_time": "2022-01-07T09:58:47.699Z",
        "user": 2,
        "content_type": null,
        "object_id": "76",
        "object_repr": "2022010776",
        "action_flag": 3,
        "change_message": ""
    }
},
{
    "model": "admin.logentry",
    "pk": 251,
    "fields": {
        "action_time": "2022-01-07T09:58:47.798Z",
        "user": 2,
        "content_type": null,
        "object_id": "75",
        "object_repr": "2022010775",
        "action_flag": 3,
        "change_message": ""
    }
},
{
    "model": "admin.logentry",
    "pk": 252,
    "fields": {
        "action_time": "2022-01-07T09:58:47.987Z",
        "user": 2,
        "content_type": null,
        "object_id": "74",
        "object_repr": "2022010774",
        "action_flag": 3,
        "change_message": ""
    }
},
{
    "model": "admin.logentry",
    "pk": 253,
    "fields": {
        "action_time": "2022-01-07T09:58:48.171Z",
        "user": 2,
        "content_type": null,
        "object_id": "73",
        "object_repr": "2022010673",
        "action_flag": 3,
        "change_message": ""
    }
},
{
    "model": "admin.logentry",
    "pk": 254,
    "fields": {
        "action_time": "2022-01-07T09:58:48.299Z",
        "user": 2,
        "content_type": null,
        "object_id": "72",
        "object_repr": "2022010572",
        "action_flag": 3,
        "change_message": ""
    }
},
{
    "model": "admin.logentry",
    "pk": 255,
    "fields": {
        "action_time": "2022-01-07T09:58:48.400Z",
        "user": 2,
        "content_type": null,
        "object_id": "71",
        "object_repr": "2022010571",
        "action_flag": 3,
        "change_message": ""
    }
},
{
    "model": "admin.logentry",
    "pk": 256,
    "fields": {
        "action_time": "2022-01-07T09:58:48.565Z",
        "user": 2,
        "content_type": null,
        "object_id": "70",
        "object_repr": "2022010570",
        "action_flag": 3,
        "change_message": ""
    }
},
{
    "model": "admin.logentry",
    "pk": 257,
    "fields": {
        "action_time": "2022-01-07T09:58:48.665Z",
        "user": 2,
        "content_type": null,
        "object_id": "69",
        "object_repr": "2022010569",
        "action_flag": 3,
        "change_message": ""
    }
},
{
    "model": "admin.logentry",
    "pk": 258,
    "fields": {
        "action_time": "2022-01-07T09:58:57.064Z",
        "user": 2,
        "content_type": null,
        "object_id": "68",
        "object_repr": "2022010568",
        "action_flag": 3,
        "change_message": ""
    }
},
{
    "model": "admin.logentry",
    "pk": 259,
    "fields": {
        "action_time": "2022-01-07T09:58:57.184Z",
        "user": 2,
        "content_type": null,
        "object_id": "67",
        "object_repr": "2022010567",
        "action_flag": 3,
        "change_message": ""
    }
},
{
    "model": "admin.logentry",
    "pk": 260,
    "fields": {
        "action_time": "2022-01-07T09:58:57.542Z",
        "user": 2,
        "content_type": null,
        "object_id": "66",
        "object_repr": "2022010566",
        "action_flag": 3,
        "change_message": ""
    }
},
{
    "model": "admin.logentry",
    "pk": 261,
    "fields": {
        "action_time": "2022-01-07T09:58:57.651Z",
        "user": 2,
        "content_type": null,
        "object_id": "65",
        "object_repr": "2022010565",
        "action_flag": 3,
        "change_message": ""
    }
},
{
    "model": "admin.logentry",
    "pk": 262,
    "fields": {
        "action_time": "2022-01-07T17:15:19.321Z",
        "user": 2,
        "content_type": null,
        "object_id": "1",
        "object_repr": "Temitope",
        "action_flag": 1,
        "change_message": "[{\"added\": {}}]"
    }
},
{
    "model": "admin.logentry",
    "pk": 263,
    "fields": {
        "action_time": "2022-01-07T17:21:08.121Z",
        "user": 2,
        "content_type": null,
        "object_id": "1",
        "object_repr": "Temitope",
        "action_flag": 2,
        "change_message": "[{\"changed\": {\"fields\": [\"Profile picture\"]}}]"
    }
},
{
    "model": "admin.logentry",
    "pk": 264,
    "fields": {
        "action_time": "2022-01-08T05:37:21.485Z",
        "user": 2,
        "content_type": null,
        "object_id": "35",
        "object_repr": "verified: True, ordered: True",
        "action_flag": 3,
        "change_message": ""
    }
},
{
    "model": "admin.logentry",
    "pk": 265,
    "fields": {
        "action_time": "2022-01-08T05:37:21.609Z",
        "user": 2,
        "content_type": null,
        "object_id": "34",
        "object_repr": "verified: True, ordered: True",
        "action_flag": 3,
        "change_message": ""
    }
},
{
    "model": "admin.logentry",
    "pk": 266,
    "fields": {
        "action_time": "2022-01-08T05:37:21.898Z",
        "user": 2,
        "content_type": null,
        "object_id": "33",
        "object_repr": "verified: True, ordered: True",
        "action_flag": 3,
        "change_message": ""
    }
},
{
    "model": "admin.logentry",
    "pk": 267,
    "fields": {
        "action_time": "2022-01-08T05:37:22.147Z",
        "user": 2,
        "content_type": null,
        "object_id": "32",
        "object_repr": "verified: True, ordered: True",
        "action_flag": 3,
        "change_message": ""
    }
},
{
    "model": "admin.logentry",
    "pk": 268,
    "fields": {
        "action_time": "2022-01-08T05:37:22.476Z",
        "user": 2,
        "content_type": null,
        "object_id": "31",
        "object_repr": "verified: True, ordered: True",
        "action_flag": 3,
        "change_message": ""
    }
},
{
    "model": "admin.logentry",
    "pk": 269,
    "fields": {
        "action_time": "2022-01-08T05:37:22.552Z",
        "user": 2,
        "content_type": null,
        "object_id": "30",
        "object_repr": "verified: True, ordered: True",
        "action_flag": 3,
        "change_message": ""
    }
},
{
    "model": "admin.logentry",
    "pk": 270,
    "fields": {
        "action_time": "2022-01-08T05:37:22.812Z",
        "user": 2,
        "content_type": null,
        "object_id": "29",
        "object_repr": "verified: True, ordered: True",
        "action_flag": 3,
        "change_message": ""
    }
},
{
    "model": "admin.logentry",
    "pk": 271,
    "fields": {
        "action_time": "2022-01-08T05:37:23.185Z",
        "user": 2,
        "content_type": null,
        "object_id": "28",
        "object_repr": "verified: True, ordered: True",
        "action_flag": 3,
        "change_message": ""
    }
},
{
    "model": "admin.logentry",
    "pk": 272,
    "fields": {
        "action_time": "2022-01-08T05:37:33.895Z",
        "user": 2,
        "content_type": null,
        "object_id": "83",
        "object_repr": "2022010783",
        "action_flag": 3,
        "change_message": ""
    }
},
{
    "model": "admin.logentry",
    "pk": 273,
    "fields": {
        "action_time": "2022-01-08T05:37:33.980Z",
        "user": 2,
        "content_type": null,
        "object_id": "82",
        "object_repr": "2022010782",
        "action_flag": 3,
        "change_message": ""
    }
},
{
    "model": "admin.logentry",
    "pk": 274,
    "fields": {
        "action_time": "2022-01-08T05:37:34.081Z",
        "user": 2,
        "content_type": null,
        "object_id": "81",
        "object_repr": "2022010781",
        "action_flag": 3,
        "change_message": ""
    }
},
{
    "model": "admin.logentry",
    "pk": 275,
    "fields": {
        "action_time": "2022-01-08T05:37:34.168Z",
        "user": 2,
        "content_type": null,
        "object_id": "80",
        "object_repr": "2022010780",
        "action_flag": 3,
        "change_message": ""
    }
},
{
    "model": "admin.logentry",
    "pk": 276,
    "fields": {
        "action_time": "2022-01-08T05:37:34.400Z",
        "user": 2,
        "content_type": null,
        "object_id": "79",
        "object_repr": "2022010779",
        "action_flag": 3,
        "change_message": ""
    }
},
{
    "model": "admin.logentry",
    "pk": 277,
    "fields": {
        "action_time": "2022-01-08T06:11:09.581Z",
        "user": 2,
        "content_type": null,
        "object_id": "1",
        "object_repr": "Edited",
        "action_flag": 2,
        "change_message": "[{\"changed\": {\"fields\": [\"Profile picture\"]}}]"
    }
},
{
    "model": "admin.logentry",
    "pk": 278,
    "fields": {
        "action_time": "2022-01-08T06:11:28.750Z",
        "user": 2,
        "content_type": null,
        "object_id": "1",
        "object_repr": "Edited",
        "action_flag": 2,
        "change_message": "[]"
    }
},
{
    "model": "admin.logentry",
    "pk": 279,
    "fields": {
        "action_time": "2022-01-08T06:11:47.483Z",
        "user": 2,
        "content_type": null,
        "object_id": "1",
        "object_repr": "Edited",
        "action_flag": 2,
        "change_message": "[{\"changed\": {\"fields\": [\"Profile picture\"]}}]"
    }
},
{
    "model": "admin.logentry",
    "pk": 280,
    "fields": {
        "action_time": "2022-01-08T06:12:04.594Z",
        "user": 2,
        "content_type": null,
        "object_id": "44",
        "object_repr": "kingpeace12345@gmail.com",
        "action_flag": 3,
        "change_message": ""
    }
},
{
    "model": "admin.logentry",
    "pk": 281,
    "fields": {
        "action_time": "2022-01-08T06:44:45.614Z",
        "user": 2,
        "content_type": null,
        "object_id": "2",
        "object_repr": "Temitope",
        "action_flag": 1,
        "change_message": "[{\"added\": {}}]"
    }
},
{
    "model": "admin.logentry",
    "pk": 282,
    "fields": {
        "action_time": "2022-01-08T06:45:20.922Z",
        "user": 2,
        "content_type": null,
        "object_id": "3",
        "object_repr": "Joshua",
        "action_flag": 1,
        "change_message": "[{\"added\": {}}]"
    }
},
{
    "model": "admin.logentry",
    "pk": 283,
    "fields": {
        "action_time": "2022-01-08T06:46:34.108Z",
        "user": 2,
        "content_type": null,
        "object_id": "46",
        "object_repr": "kingpeace12345@gmail.com",
        "action_flag": 3,
        "change_message": ""
    }
},
{
    "model": "admin.logentry",
    "pk": 284,
    "fields": {
        "action_time": "2022-01-08T09:13:42.145Z",
        "user": 2,
        "content_type": null,
        "object_id": "47",
        "object_repr": "kingpeace12345@gmail.com",
        "action_flag": 3,
        "change_message": ""
    }
},
{
    "model": "admin.logentry",
    "pk": 285,
    "fields": {
        "action_time": "2022-01-08T09:13:43.100Z",
        "user": 2,
        "content_type": null,
        "object_id": "48",
        "object_repr": "",
        "action_flag": 3,
        "change_message": ""
    }
},
{
    "model": "admin.logentry",
    "pk": 286,
    "fields": {
        "action_time": "2022-01-08T09:18:15.085Z",
        "user": 2,
        "content_type": null,
        "object_id": "49",
        "object_repr": "kingpeace12345@gmail.com",
        "action_flag": 3,
        "change_message": ""
    }
},
{
    "model": "admin.logentry",
    "pk": 287,
    "fields": {
        "action_time": "2022-01-08T09:19:03.133Z",
        "user": 2,
        "content_type": null,
        "object_id": "50",
        "object_repr": "kingpeace12345@gmail.com",
        "action_flag": 3,
        "change_message": ""
    }
},
{
    "model": "admin.logentry",
    "pk": 288,
    "fields": {
        "action_time": "2022-01-08T09:22:22.657Z",
        "user": 2,
        "content_type": null,
        "object_id": "51",
        "object_repr": "kingpeace12345@gmail.com",
        "action_flag": 3,
        "change_message": ""
    }
},
{
    "model": "admin.logentry",
    "pk": 289,
    "fields": {
        "action_time": "2022-01-08T09:23:50.486Z",
        "user": 2,
        "content_type": null,
        "object_id": "52",
        "object_repr": "kingpeace12345@gmail.com",
        "action_flag": 3,
        "change_message": ""
    }
},
{
    "model": "admin.logentry",
    "pk": 290,
    "fields": {
        "action_time": "2022-01-08T09:26:00.474Z",
        "user": 2,
        "content_type": null,
        "object_id": "53",
        "object_repr": "kingpeace12345@gmail.com",
        "action_flag": 3,
        "change_message": ""
    }
},
{
    "model": "admin.logentry",
    "pk": 291,
    "fields": {
        "action_time": "2022-01-09T16:08:03.594Z",
        "user": 2,
        "content_type": null,
        "object_id": "54",
        "object_repr": "kingpeace12345@gmail.com",
        "action_flag": 3,
        "change_message": ""
    }
},
{
    "model": "admin.logentry",
    "pk": 292,
    "fields": {
        "action_time": "2022-01-09T16:08:36.423Z",
        "user": 2,
        "content_type": null,
        "object_id": "4",
        "object_repr": "kingpeace12345@gmail.com",
        "action_flag": 3,
        "change_message": ""
    }
},
{
    "model": "admin.logentry",
    "pk": 293,
    "fields": {
        "action_time": "2022-01-09T17:05:27.999Z",
        "user": 2,
        "content_type": null,
        "object_id": "55",
        "object_repr": "kingpeace12345@gmail.com",
        "action_flag": 3,
        "change_message": ""
    }
},
{
    "model": "admin.logentry",
    "pk": 294,
    "fields": {
        "action_time": "2022-01-09T17:06:54.059Z",
        "user": 2,
        "content_type": null,
        "object_id": "3",
        "object_repr": "",
        "action_flag": 3,
        "change_message": ""
    }
},
{
    "model": "admin.logentry",
    "pk": 295,
    "fields": {
        "action_time": "2022-01-17T19:22:44.770Z",
        "user": 2,
        "content_type": null,
        "object_id": "5",
        "object_repr": "kingpeace12345@gmail.com",
        "action_flag": 2,
        "change_message": "[{\"changed\": {\"fields\": [\"User\"]}}]"
    }
},
{
    "model": "sessions.session",
    "pk": "1x8e8wd225m6rt3n20as5122jsm7he7k",
    "fields": {
        "session_data": ".eJxVjEEOwiAQRe_C2hAY6EBduvcMZIBBqoYmpV0Z765NutDtf-_9lwi0rTVsnZcwZXEWIE6_W6T04LaDfKd2m2Wa27pMUe6KPGiX1znz83K4fweVev3WDFphTgoVe0zIQFFl7Yo2lryDEQmLGQaLjNFoHJ1hsgm9S-BBURHvD9AkN0A:1n25Vf:mzsdE8bvb8cITkQwfE-ZMzf3JWkAlxpBEfcvqXOEVl4",
        "expire_date": "2022-01-11T05:58:55.991Z"
    }
},
{
    "model": "sessions.session",
    "pk": "2y1yt9rv0ardsm2oyse9ygpxq08ix4ay",
    "fields": {
        "session_data": "MmMxNDgxMjllYjYwYzE4ZmRlMWVkNjVkM2Q4ZWY3Zjk2OTk4ZDg0Yjp7Il9hdXRoX3VzZXJfaWQiOiI0NSIsIl9hdXRoX3VzZXJfYmFja2VuZCI6ImRqYW5nby5jb250cmliLmF1dGguYmFja2VuZHMuTW9kZWxCYWNrZW5kIiwiX2F1dGhfdXNlcl9oYXNoIjoiNzA3ZmY4MWJjZGI2MzMxZGUyMjI5ZmZiNmNkNDc1ZjI2OTM5YTQyNyJ9",
        "expire_date": "2022-01-17T09:39:41.421Z"
    }
},
{
    "model": "sessions.session",
    "pk": "44pb3h60dfyyjo776rjb8fpmekif4clz",
    "fields": {
        "session_data": ".eJxVjEEOwiAQRe_C2hAY6EBduvcMZIBBqoYmpV0Z765NutDtf-_9lwi0rTVsnZcwZXEWIE6_W6T04LaDfKd2m2Wa27pMUe6KPGiX1znz83K4fweVev3WDFphTgoVe0zIQFFl7Yo2lryDEQmLGQaLjNFoHJ1hsgm9S-BBURHvD9AkN0A:1n06hZ:ROpObUoi0zUpTgOlJ7GiwAzus_Uv383Ilyxx-F3mOcE",
        "expire_date": "2022-01-05T18:51:01.666Z"
    }
},
{
    "model": "sessions.session",
    "pk": "4m1a7sflyxk6dsvwufg4yjp82pyqq4av",
    "fields": {
        "session_data": ".eJxVjDsOwyAQBe9CHSF-XmyX6XMGtMA6JokhMriKcvfEkhu3b2beh7lKtaaSXcqpuZYWqg2Xt2OjBKOMsRoMt1rKC3O4tdltlVaXIhuZYqfNY3hS3kF8YL4XHkpua_J8V_hBK7-VSK_r4Z4OZqzzvyYlBcQgQFAPAUihF1HaSWqDvVUDIEy66wwQeC1hsJrQBOhtUL0SOLHvD1lSRPU:1n9XaW:Hc6NW0H4uneler4_lwRM74TkYn16JbOw42he5nPA0X8",
        "expire_date": "2022-01-31T19:22:44.897Z"
    }
},
{
    "model": "sessions.session",
    "pk": "6795pkogs8qy8fuinmj44t2kc180rxh5",
    "fields": {
        "session_data": ".eJxVjEkOAiEUBe_C2hCGzwd66d4zECZtHMA09Mp4d-2kF7p9Va9exPl1zG7teXElkYkoJIffMfh4y3Uj6errpdHY6lhKoJtCd9rpqaV8P-7uX2D2ff6-Y0QbmQZA6RnHFE3QSWYOjItzUCoHCF4bAxi9VEojE9aomLUJVgeUW7Tn3kurrtQy3CiP3Id_PB2ZOIKwTIHVVHDgoOX7A2-4Rds:1nBSll:5X6inPGlRqTUV_9fDEAH4v-5V4RMCOEHOs1IyrYckx0",
        "expire_date": "2022-02-06T02:38:17.664Z"
    }
},
{
    "model": "sessions.session",
    "pk": "6k2bfgbvtfrvxogjv2t13f0p45vmei5y",
    "fields": {
        "session_data": "e30:1n6bqY:SRfy3wxzytmZ15O_vIiSgDioP9tZ4M_K8FTFJ-JDLu0",
        "expire_date": "2022-01-23T17:19:10.914Z"
    }
},
{
    "model": "sessions.session",
    "pk": "6kyhhi8e7ct9n0cwus3trk72kj2nppz0",
    "fields": {
        "session_data": ".eJxVjEEOgyAQRe_CuiEw6Iguu-8ZyAhjpa3QCK6a3r01ceP2v_f-R7jCpcScXEyxuhoXLpWWtxODxgZsrwCt1GAA2_YiHG11dlvh1cUgBgHitI3kn5x2EB6U7ln6nOoaR7kr8qBF3nLg1_VwTwczlflfM2iFwStUbNEjA40q6G7SpiHbQY-Ek2nbBhlHo7HvDFPj0XYeLCiaxPcH8ElFlg:1nBOo8:p5L_eWxC9cDc95phckEA-N9cct8leuDVNZnV9wFw3IA",
        "expire_date": "2022-02-05T22:24:28.191Z"
    }
},
{
    "model": "sessions.session",
    "pk": "7gtseut9gs5oq4mzidbm3kyaaa15xnm6",
    "fields": {
        "session_data": "e30:1n2uZu:i8R6-NRLBjNGLzJtg7Gc8SOs1Rvxn2n79s5pCbpA5GY",
        "expire_date": "2022-01-13T12:30:42.401Z"
    }
},
{
    "model": "sessions.session",
    "pk": "7ouag5z7v57uorzmueumtstgnl1m70sb",
    "fields": {
        "session_data": ".eJxVjssOwiAURP-FtSG8L-3Svd9A4IIWtWAKXRn_3Tbppts5ZybzJa6l1nItLpfcXc9zat3PH0dGbpRQCkALyhkXlukLcX7tk1tbWlyOZCTakFMYPL5S2Ul8-vKoFGvpSw50V-hBG73VmN7Xwz0NTL5NWxvRDMhAKSM94yaiDRBl4mo7cg9ap6CCB2uVQS-1BsPEYDUmsGGAYCT5_QEmQ0XR:1n9Xgm:WY2CYta5OsbmC1ch-BwOzBFZb_arx8PzmAJJW30cJBk",
        "expire_date": "2022-01-31T19:29:12.285Z"
    }
},
{
    "model": "sessions.session",
    "pk": "8la6ykrs81a5bqr811mvmy1205842ha9",
    "fields": {
        "session_data": ".eJxVjMEOwiAQRP-FsyFS2AIevfsNZNkFqRpISnsy_rtt0oOeJpn3Zt4i4LqUsPY0h4nFRRgrTr9lRHqmuhN-YL03Sa0u8xTlrsiDdnlrnF7Xw_07KNjLtoZohnPGbNWYnLeoPIDPRMYQazAaLG7BznpU7JMBGrVHio4ysYJBfL4DSjgh:1n65Xv:W8HT0Ztrd8yog-RJ52efPUzT5aFbJ5Dv1wz8XV11Dc8",
        "expire_date": "2022-01-22T06:49:47.623Z"
    }
},
{
    "model": "sessions.session",
    "pk": "8sjor5txnnztoto49zo90jtf11hab1or",
    "fields": {
        "session_data": "e30:1n2vXm:MjXTieRmZJmxjuk6v3YEVWrgb9-55EwapUXEKZO0y-I",
        "expire_date": "2022-01-13T13:32:34.778Z"
    }
},
{
    "model": "sessions.session",
    "pk": "9gomsffarluj8fnx2g3e6dah4hnvuctv",
    "fields": {
        "session_data": ".eJxVjEEOwiAQRe_C2hAY6EBduvcMZIBBqoYmpV0Z765NutDtf-_9lwi0rTVsnZcwZXEWIE6_W6T04LaDfKd2m2Wa27pMUe6KPGiX1znz83K4fweVev3WDFphTgoVe0zIQFFl7Yo2lryDEQmLGQaLjNFoHJ1hsgm9S-BBURHvD9AkN0A:1n2YLb:kzgk3KluC57FiJh1KejP7U3Yh6nnLXnWkQTyHViA8fM",
        "expire_date": "2022-01-12T12:46:27.772Z"
    }
},
{
    "model": "sessions.session",
    "pk": "9oqmrsbwpxpjohdpbmjrt34kxybcnqgg",
    "fields": {
        "session_data": ".eJxVjEEOwiAQRe_C2hAY6EBduvcMZIBBqoYmpV0Z765NutDtf-_9lwi0rTVsnZcwZXEWIE6_W6T04LaDfKd2m2Wa27pMUe6KPGiX1znz83K4fweVev3WDFphTgoVe0zIQFFl7Yo2lryDEQmLGQaLjNFoHJ1hsgm9S-BBURHvD9AkN0A:1n3CmO:ZrEfItAV7RDATn9oBG8SawNdb9n-xasDhOiQIDh-p8s",
        "expire_date": "2022-01-14T07:56:48.035Z"
    }
},
{
    "model": "sessions.session",
    "pk": "9v0l6u6om7u4iajtgt765tht9f80skwv",
    "fields": {
        "session_data": "e30:1n2GnH:-n5gBNpcvVzkEG9CYHXkVNYWH25DDMHBFV4GA8Dxras",
        "expire_date": "2022-01-11T18:01:51.560Z"
    }
},
{
    "model": "sessions.session",
    "pk": "axxrbwq0mmu5im6w53xmxhvb4rir6kt6",
    "fields": {
        "session_data": ".eJxVjEEOwiAQRe_C2hAY6EBduvcMZIBBqoYmpV0Z765NutDtf-_9lwi0rTVsnZcwZXEWIE6_W6T04LaDfKd2m2Wa27pMUe6KPGiX1znz83K4fweVev3WDFphTgoVe0zIQFFl7Yo2lryDEQmLGQaLjNFoHJ1hsgm9S-BBURHvD9AkN0A:1n5B00:Y8vxJmUJkAmo-zaKidpm01atOGjoiVtl8ighLrvCdQc",
        "expire_date": "2022-01-19T18:27:00.984Z"
    }
},
{
    "model": "sessions.session",
    "pk": "b0gktd5k8nt45fi0cmw84ualq6xkf43q",
    "fields": {
        "session_data": "e30:1n2ukd:S49W4g_gV0zMxpfHBSR5V_Z9XSGEtQGUo9FkInh91uo",
        "expire_date": "2022-01-13T12:41:47.141Z"
    }
},
{
    "model": "sessions.session",
    "pk": "bzyjvn645wm17ykozvcqr4iww6jzerc5",
    "fields": {
        "session_data": ".eJxVjEEOwiAQRe_C2hBApoBL956BzAxUqgaS0q6Md7dNutDtf-_9t4i4LiWuPc9xSuIirBWn35GQn7nuJD2w3pvkVpd5Irkr8qBd3lrKr-vh_h0U7GWrIRMrhgzaEbmg1aiCTyll49RIio1jHBQB67MPGDbTsQE9BM_GWHDi8wUeYDgH:1n3CkX:3wZSLlM4SDK40QoqU4DTQAlBNw_1Px05RLWPuxtfCtk",
        "expire_date": "2022-01-14T07:54:53.056Z"
    }
},
{
    "model": "sessions.session",
    "pk": "cy3itbtl0drhwqu1bol333u6sovplz5z",
    "fields": {
        "session_data": ".eJxVjEEOwiAQRe_C2hAY6EBduvcMZIBBqoYmpV0Z765NutDtf-_9lwi0rTVsnZcwZXEWIE6_W6T04LaDfKd2m2Wa27pMUe6KPGiX1znz83K4fweVev3WDFphTgoVe0zIQFFl7Yo2lryDEQmLGQaLjNFoHJ1hsgm9S-BBURHvD9AkN0A:1n6aSj:wQ-iyfvF5WZb8QBz25f1Vjhk0opU-u8Yy5a7qXLews4",
        "expire_date": "2022-01-23T15:50:29.128Z"
    }
},
{
    "model": "sessions.session",
    "pk": "dzyyqc5uefdmgn3g91i95qdenxtadf5h",
    "fields": {
        "session_data": "e30:1n2GRG:g3swkkkz0sOd98-yexL8VkA6QYeRCwrKleY2aEwcy3c",
        "expire_date": "2022-01-11T17:39:06.450Z"
    }
},
{
    "model": "sessions.session",
    "pk": "f91v6kq1wbmj56riloppbuw30c9s6kky",
    "fields": {
        "session_data": "e30:1n2uZj:NWRboIL1QIrps77HLEVaE1dkntv9mkuPJi57jOuAoZw",
        "expire_date": "2022-01-13T12:30:31.112Z"
    }
},
{
    "model": "sessions.session",
    "pk": "fa7issk5sudb7yind4jfx983k4sikwfr",
    "fields": {
        "session_data": ".eJxVjEEOwiAQRe_C2hAY6EBduvcMZIBBqoYmpV0Z765NutDtf-_9lwi0rTVsnZcwZXEWIE6_W6T04LaDfKd2m2Wa27pMUe6KPGiX1znz83K4fweVev3WDFphTgoVe0zIQFFl7Yo2lryDEQmLGQaLjNFoHJ1hsgm9S-BBURHvD9AkN0A:1n06ht:zuU-Isbk_185iIznpECDAGlzlicgCSHK8HaHnXWD_1k",
        "expire_date": "2022-01-05T18:51:21.300Z"
    }
},
{
    "model": "sessions.session",
    "pk": "fde1y8j4uzvezxo6asubuz5ev1ho2orw",
    "fields": {
        "session_data": ".eJxVjEEOwiAQRe_C2hAY6EBduvcMZIBBqoYmpV0Z765NutDtf-_9lwi0rTVsnZcwZXEWIE6_W6T04LaDfKd2m2Wa27pMUe6KPGiX1znz83K4fweVev3WDFphTgoVe0zIQFFl7Yo2lryDEQmLGQaLjNFoHJ1hsgm9S-BBURHvD9AkN0A:1n06kk:idMwsN726PK-nNRla8H8rvCkDv292SIXtL6juL_BdRU",
        "expire_date": "2022-01-05T18:54:18.219Z"
    }
},
{
    "model": "sessions.session",
    "pk": "fxhl5r7lp44zfa57i2vh75jxpwb2bhw3",
    "fields": {
        "session_data": ".eJxVjDEOwjAMRe-SGUVO4iopIztniOzYJQXUSk07Ie4OlTrA-t97_2UybWvNW9Mlj2LOBoM5_Y5M5aHTTuRO0222ZZ7WZWS7K_agzV5n0eflcP8OKrX6rQkCsGdJvXeEwH3y1IWgUSKgDF46LeA0gkIpCDGVEPsB0KMwOvbm_QH9Sjez:1n2T5H:9bfIlV-wG8kqXVl7rAZvM-lzlh0JpEk6bo7TGg95enY",
        "expire_date": "2022-01-12T07:09:15.346Z"
    }
},
{
    "model": "sessions.session",
    "pk": "h5fm0ot2nv6uhxegv7d9qit406y8hq5f",
    "fields": {
        "session_data": "eyJfc2Vzc2lvbl9pbml0X3RpbWVzdGFtcF8iOjE2NDI5MDY0NjQuMzk0MDc0Mn0:1nBT1M:0zLW-FIj09IECTElNeM6al4FbEEU_kceyqrKQK71A9I",
        "expire_date": "2022-02-06T02:54:24.804Z"
    }
},
{
    "model": "sessions.session",
    "pk": "hxzrjm9uozq4xl2d31dtzxedi22vcsr4",
    "fields": {
        "session_data": ".eJxVjDkOwjAUBe_iGllxPt4o6TlD9DfjAEqkLBXi7iRSCmjfzLy36XBdarfOOnW9mItx5vS7EfJThx3IA4f7aHkclqknuyv2oLO9jaKv6-H-HVSc61anJiQnmNqCUUg9-dJodpmI1Tec4RwYApCA45B84DZuEkrgAhBBzecL9Uc4Zg:1mzvpD:Wyre1LlLU-PMssQFBI651QLDjhtNzHX-NWvphcqn7FY",
        "expire_date": "2022-01-05T07:14:11.072Z"
    }
},
{
    "model": "sessions.session",
    "pk": "iy1hvtnllhg9xip5xm0tdwowtpz0nqmf",
    "fields": {
        "session_data": ".eJxVjEEOwiAQRe_C2hAY6EBduvcMZIBBqoYmpV0Z765NutDtf-_9lwi0rTVsnZcwZXEWIE6_W6T04LaDfKd2m2Wa27pMUe6KPGiX1znz83K4fweVev3WDFphTgoVe0zIQFFl7Yo2lryDEQmLGQaLjNFoHJ1hsgm9S-BBURHvD9AkN0A:1n65VP:fCEVJHU2pV--czC73clf2buYf-t9JElj28yhRoShPf0",
        "expire_date": "2022-01-22T06:47:11.458Z"
    }
},
{
    "model": "sessions.session",
    "pk": "la3th0o56egzm41kaosugo4cu6yjcmsy",
    "fields": {
        "session_data": ".eJxVjEEOwiAQRe_C2hAY6EBduvcMZIBBqoYmpV0Z765NutDtf-_9lwi0rTVsnZcwZXEWIE6_W6T04LaDfKd2m2Wa27pMUe6KPGiX1znz83K4fweVev3WDFphTgoVe0zIQFFl7Yo2lryDEQmLGQaLjNFoHJ1hsgm9S-BBURHvD9AkN0A:1n2cZT:RWh2u9xytseUJrGAhavZtR9fatoHHw-3Q6-jwQDIYsU",
        "expire_date": "2022-01-12T17:17:03.777Z"
    }
},
{
    "model": "sessions.session",
    "pk": "n0huo0su3k0p95mldrg8qcznqpphabil",
    "fields": {
        "session_data": "eyJfc2Vzc2lvbl9pbml0X3RpbWVzdGFtcF8iOjE2NDI5NDAxMDAuMTE5MTI4Mn0:1nBbls:JVRIL-7of0z8VxHg_daGpD3HCth4R7OLWk0qO_BNH8w",
        "expire_date": "2022-02-06T12:15:00.295Z"
    }
},
{
    "model": "sessions.session",
    "pk": "o88zpp41s67wnpt1tl6pfyfnogwatph1",
    "fields": {
        "session_data": ".eJxVjEEOwiAQRe_C2hAY6EBduvcMZIBBqoYmpV0Z765NutDtf-_9lwi0rTVsnZcwZXEWIE6_W6T04LaDfKd2m2Wa27pMUe6KPGiX1znz83K4fweVev3WDFphTgoVe0zIQFFl7Yo2lryDEQmLGQaLjNFoHJ1hsgm9S-BBURHvD9AkN0A:1n1jal:AhTvAT68saXaygU1NffdrtYxLjndUKTvx-PallxvT14",
        "expire_date": "2022-01-10T06:34:43.628Z"
    }
},
{
    "model": "sessions.session",
    "pk": "pxsc58fw704u6dptiocpkrizpdcggrhu",
    "fields": {
        "session_data": "e30:1n2FUF:Tnz1u03LpTigmXa4THn3zN-ZbeCu_5ivKQ0ezTFKs50",
        "expire_date": "2022-01-11T16:38:07.665Z"
    }
},
{
    "model": "sessions.session",
    "pk": "pzmtogz232ut6vwthumfgitdlwcklfzh",
    "fields": {
        "session_data": "e30:1n1kOj:IDTHNiRAp7TLbd3ZK86iwKmOp3k7iaS3u-hD6UoazUI",
        "expire_date": "2022-01-10T07:26:21.395Z"
    }
},
{
    "model": "sessions.session",
    "pk": "qohjsco0tfd1gj0lenycfydlbkt6a1fx",
    "fields": {
        "session_data": "e30:1n2uZY:ScRrz1b2PJUFOPIYdkTriWBW6AMXCKtt9qTZBTMq12I",
        "expire_date": "2022-01-13T12:30:20.518Z"
    }
},
{
    "model": "sessions.session",
    "pk": "sks81o0wqva4ozmssr3xgbtrkn87kt53",
    "fields": {
        "session_data": ".eJxVjEEOwiAQRe_C2hAY6EBduvcMZIBBqoYmpV0Z765NutDtf-_9lwi0rTVsnZcwZXEWIE6_W6T04LaDfKd2m2Wa27pMUe6KPGiX1znz83K4fweVev3WDFphTgoVe0zIQFFl7Yo2lryDEQmLGQaLjNFoHJ1hsgm9S-BBURHvD9AkN0A:1n2DwH:Zj7cPrnyIvypgrxzSNQtr3i2a9PzUL_xbgep_AMvjNU",
        "expire_date": "2022-01-11T14:58:57.130Z"
    }
},
{
    "model": "sessions.session",
    "pk": "w3lnzebolc7ky0hha771f8tvmv2piw4b",
    "fields": {
        "session_data": "eyJfc2Vzc2lvbl9pbml0X3RpbWVzdGFtcF8iOjE2NDI4NTIwMTQuMzM0OTcyfQ:1nBEr8:6HlLEEcD1OXvnY12x2j9MOPbl-53ZgysWeOuha_mrdE",
        "expire_date": "2022-02-05T11:46:54.350Z"
    }
},
{
    "model": "category.category",
    "pk": 2,
    "fields": {
        "category_name": "TShirts",
        "slug": "tshirts",
        "description": "This is for T-Shirts",
        "category_image": "categories/tshirts.jpg"
    }
},
{
    "model": "category.category",
    "pk": 3,
    "fields": {
        "category_name": "Jackets",
        "slug": "jackets",
        "description": "This is for the Jackets",
        "category_image": "categories/jackets.jpg"
    }
},
{
    "model": "category.category",
    "pk": 4,
    "fields": {
        "category_name": "Shoes",
        "slug": "shoes",
        "description": "This is for shoes",
        "category_image": "categories/shoes.png"
    }
},
{
    "model": "category.category",
    "pk": 5,
    "fields": {
        "category_name": "Shirts",
        "slug": "shirts",
        "description": "This is for just shirts NOT T-Shits",
        "category_image": "categories/shirts.jpg"
    }
},
{
    "model": "category.category",
    "pk": 7,
    "fields": {
        "category_name": "trousers",
        "slug": "trousers",
        "description": "This is for trousers",
        "category_image": "categories/jeans_UrEJlrR.jpg"
    }
},
{
    "model": "accounts.account",
    "pk": 1,
    "fields": {
        "password": "pbkdf2_sha256$320000$EYRh6dJ9xphXDTOmUNtKsV$4ZclgrdCTkkoicIVlle7MckCMuOEAmbGIaJt7+Y5Hrs=",
        "first_name": "Temitope",
        "last_name": "James",
        "username": "mufasa",
        "email": "kinpeace12345@gmail.com",
        "phone_number": "",
        "date_joined": "2021-12-22T07:12:48.660Z",
        "last_login": "2021-12-22T07:14:10.552Z",
        "is_admin": true,
        "is_staff": true,
        "is_active": true,
        "is_superadmin": false
    }
},
{
    "model": "accounts.account",
    "pk": 2,
    "fields": {
        "password": "pbkdf2_sha256$320000$2WgKqp4MLLslARDAOyvUGZ$4c6ymXKhHEBGvCPIe+qM25nVA4w1u6N7NKpDYf3C6g0=",
        "first_name": "q",
        "last_name": "q",
        "username": "1",
        "email": "q@q.com",
        "phone_number": "",
        "date_joined": "2021-12-22T18:50:23.934Z",
        "last_login": "2022-01-23T07:02:09.241Z",
        "is_admin": true,
        "is_staff": true,
        "is_active": true,
        "is_superadmin": false
    }
},
{
    "model": "accounts.account",
    "pk": 45,
    "fields": {
        "password": "pbkdf2_sha256$180000$LZGvrSQdlUkL$KfMjzfaPpbMFbEPE0zDAp1QemlVozzP53W19K8NUILs=",
        "first_name": "Joshua",
        "last_name": "Hassan",
        "username": "admin",
        "email": "cutejosh2@gmail.com",
        "phone_number": "",
        "date_joined": "2021-12-31T20:11:17.646Z",
        "last_login": "2022-01-03T09:39:41.267Z",
        "is_admin": true,
        "is_staff": true,
        "is_active": true,
        "is_superadmin": false
    }
},
{
    "model": "accounts.account",
    "pk": 56,
    "fields": {
        "password": "pbkdf2_sha256$320000$OtXugKocV05jP7DoNcFpDM$mLOal9kC69ffon0TVuWe7mU4bqvlomhonMtAX5kquik=",
        "first_name": "God'sLove",
        "last_name": "Mufasa",
        "username": "kingpeace12345",
        "email": "kingpeace12345@gmail.com",
        "phone_number": "08140590029",
        "date_joined": "2022-01-09T17:05:49.037Z",
        "last_login": "2022-01-23T02:32:31.153Z",
        "is_admin": false,
        "is_staff": false,
        "is_active": true,
        "is_superadmin": false
    }
},
{
    "model": "accounts.userprofile",
    "pk": 5,
    "fields": {
        "user": 1,
        "connect": "kingpeace12345@gmail.com",
        "address": "B35A, SSQ",
        "profile_picture": "userprofile/Wolf.jfif",
        "about_yourself": "esgtrstr"
    }
},
{
    "model": "store.product",
    "pk": 1,
    "fields": {
        "product_name": "Fine shirt",
        "slug": "fine-shirt",
        "description": "This is one of the best",
        "price": 5000,
        "image": "products/Blue-Shirt.jpg",
        "stock": 11,
        "is_available": true,
        "category": 5,
        "created_date": "2021-12-22T12:02:14.336Z",
        "modified_date": "2022-01-09T17:10:14.472Z"
    }
},
{
    "model": "store.product",
    "pk": 3,
    "fields": {
        "product_name": "Blue T-Shirt",
        "slug": "blue-t-shirt",
        "description": "Lorem ipsum, dolor sit amet consectetur adipisicing elit. Velit, excepturi esse! Explicabo quia magnam adipisci inventore fugit praesentium? Praesentium ullam labore hic. Ea, ad neque earum officiis quas saepe laudantium deserunt molestiae sed? Quae, corrupti excepturi! Nostrum amet sunt dolorem ea? Doloremque, eveniet omnis accusantium, nemo praesentium blanditiis veniam itaque incidunt, sapiente rerum facilis! Culpa, mollitia.",
        "price": 5000,
        "image": "products/Great-Tshirt.jpg",
        "stock": 0,
        "is_available": true,
        "category": 2,
        "created_date": "2021-12-22T12:04:37.043Z",
        "modified_date": "2021-12-23T09:51:19.201Z"
    }
},
{
    "model": "store.product",
    "pk": 6,
    "fields": {
        "product_name": "Jordans",
        "slug": "jordans",
        "description": "Lorem ipsum, dolor sit amet consectetur adipisicing elit. Velit, excepturi esse! Explicabo quia magnam adipisci inventore fugit praesentium? Praesentium ullam labore hic. Ea, ad neque earum officiis quas saepe laudantium deserunt molestiae sed? Quae, corrupti excepturi! Nostrum amet sunt dolorem ea? Doloremque, eveniet omnis accusantium, nemo praesentium blanditiis veniam itaque incidunt, sapiente rerum facilis! Culpa, mollitia.",
        "price": 4599,
        "image": "products/jordan-true-flight-basketball-shoes.jpg",
        "stock": 67,
        "is_available": true,
        "category": 4,
        "created_date": "2021-12-22T12:06:15.588Z",
        "modified_date": "2021-12-22T18:58:57.102Z"
    }
},
{
    "model": "store.product",
    "pk": 7,
    "fields": {
        "product_name": "Hoodie",
        "slug": "hoodie",
        "description": "Lorem ipsum, dolor sit amet consectetur adipisicing elit. Velit, excepturi esse! Explicabo quia magnam adipisci inventore fugit praesentium? Praesentium ullam labore hic. Ea, ad neque earum officiis quas saepe laudantium deserunt molestiae sed? Quae, jackets corrupti excepturi! Nostrum amet sunt dolorem ea? Doloremque, eveniet omnis accusantium, nemo praesentium blanditiis veniam itaque incidunt, sapiente rerum facilis! Culpa, mollitia.",
        "price": 5000,
        "image": "products/US-Polo-Assn_Jacket.jpg",
        "stock": 28,
        "is_available": true,
        "category": 3,
        "created_date": "2021-12-22T12:06:37.352Z",
        "modified_date": "2022-01-09T17:10:14.894Z"
    }
},
{
    "model": "store.product",
    "pk": 8,
    "fields": {
        "product_name": "Puma Ferrari",
        "slug": "puma-ferrari",
        "description": "Lorem ipsum, dolor sit amet consectetur adipisicing elit. Velit, excepturi esse! Explicabo quia magnam adipisci inventore fugit praesentium? Praesentium ullam labore hic. Ea, ad neque earum officiis quas saepe laudantium deserunt molestiae sed? Quae, corrupti excepturi! Nostrum amet sunt dolorem ea? Doloremque, eveniet omnis accusantium, nemo praesentium blanditiis veniam itaque incidunt, sapiente rerum facilis! Culpa, mollitia.",
        "price": 5000,
        "image": "products/Puma-Ferrari-Shoes.jpg",
        "stock": 34,
        "is_available": true,
        "category": 4,
        "created_date": "2021-12-22T12:07:09.022Z",
        "modified_date": "2021-12-22T18:58:38.718Z"
    }
},
{
    "model": "store.product",
    "pk": 9,
    "fields": {
        "product_name": "Wrangler Shirt",
        "slug": "wrangler-shirt",
        "description": "Lorem ipsum, dolor sit amet consectetur adipisicing elit. Velit, excepturi esse! Explicabo quia magnam adipisci inventore fugit praesentium? Praesentium ullam labore hic. Ea, ad neque earum officiis quas saepe laudantium deserunt molestiae sed? Quae, jenas corrupti excepturi! Nostrum amet sunt dolorem ea? Doloremque, eveniet omnis accusantium, nemo praesentium blanditiis veniam itaque incidunt, sapiente rerum facilis! Culpa, mollitia.",
        "price": 16000,
        "image": "products/Wrangler-Shirt.jpg",
        "stock": 43,
        "is_available": true,
        "category": 5,
        "created_date": "2021-12-22T12:07:55.343Z",
        "modified_date": "2021-12-25T18:22:11.649Z"
    }
},
{
    "model": "store.product",
    "pk": 10,
    "fields": {
        "product_name": "jean 1",
        "slug": "jean-1",
        "description": "",
        "price": 3444,
        "image": "products/image13.jpg",
        "stock": 34,
        "is_available": true,
        "category": 7,
        "created_date": "2021-12-22T19:09:51.362Z",
        "modified_date": "2021-12-23T03:33:08.809Z"
    }
},
{
    "model": "store.product",
    "pk": 11,
    "fields": {
        "product_name": "jean",
        "slug": "jean",
        "description": "This is for Jeans",
        "price": 234,
        "image": "products/image2_UTokR45.jpg",
        "stock": 43,
        "is_available": true,
        "category": 7,
        "created_date": "2021-12-22T19:13:30.022Z",
        "modified_date": "2021-12-23T03:31:22.878Z"
    }
},
{
    "model": "store.product",
    "pk": 12,
    "fields": {
        "product_name": "tshirt",
        "slug": "tshirt",
        "description": "owuifndeodo",
        "price": 32,
        "image": "products/Wrangler-Shirt_oXmGSp5.jpg",
        "stock": 2323,
        "is_available": true,
        "category": 2,
        "created_date": "2021-12-22T19:13:56.708Z",
        "modified_date": "2021-12-23T03:24:15.387Z"
    }
},
{
    "model": "store.product",
    "pk": 13,
    "fields": {
        "product_name": "Boyfriend Jeens",
        "slug": "boyfriend-jeens",
        "description": "jeans trousers trouser",
        "price": 456,
        "image": "products/image1_O4sgYRb.jpg",
        "stock": 34,
        "is_available": true,
        "category": 7,
        "created_date": "2021-12-23T03:32:58.272Z",
        "modified_date": "2021-12-25T18:17:42.628Z"
    }
},
{
    "model": "store.product",
    "pk": 14,
    "fields": {
        "product_name": "Mavi Jeans",
        "slug": "mavi_jeans",
        "description": "Lorem ipsum, dolor sit amet consectetur adipisicing elit. Necessitatibus consequuntur praesentium eligendi saepe! Incidunt veritatis earum possimus omnis sunt. Suscipit err jeans trousers trouser or assumenda impedit praesentium dolores? Aut dolor adipisci sit nobis veniam cupiditate ullam reiciendis aspernatur ratione perspiciatis laudantium quos, doloribus placeat iste facilis, magni assumenda quod dolores laboriosam sunt tempore. Laudantium eos explicabo pariatur? Accusamus odit dolorum molestias fugit! Iste, veniam quia ducimus necessitatibus commodi mollitia! Maxime libero, impedit repellendus adipisci iure aperiam laborum eum ducimus tempore, consequuntur tempora tenetur quisquam modi consequatur incidunt?",
        "price": 324,
        "image": "products/Mavi_jeans.jpg",
        "stock": 43,
        "is_available": true,
        "category": 7,
        "created_date": "2021-12-23T03:33:30.356Z",
        "modified_date": "2021-12-25T18:17:35.549Z"
    }
},
{
    "model": "store.variation",
    "pk": 1,
    "fields": {
        "product": 7,
        "variation_category": "color",
        "variation_value": "Blue",
        "is_active": true,
        "created_date": "2021-12-25T19:59:17.926Z"
    }
},
{
    "model": "store.variation",
    "pk": 2,
    "fields": {
        "product": 1,
        "variation_category": "color",
        "variation_value": "Blue",
        "is_active": true,
        "created_date": "2021-12-25T20:02:45.752Z"
    }
},
{
    "model": "store.variation",
    "pk": 3,
    "fields": {
        "product": 1,
        "variation_category": "color",
        "variation_value": "Green",
        "is_active": true,
        "created_date": "2021-12-25T20:02:56.294Z"
    }
},
{
    "model": "store.variation",
    "pk": 4,
    "fields": {
        "product": 1,
        "variation_category": "color",
        "variation_value": "Red",
        "is_active": true,
        "created_date": "2021-12-25T20:03:03.453Z"
    }
},
{
    "model": "store.variation",
    "pk": 5,
    "fields": {
        "product": 7,
        "variation_category": "size",
        "variation_value": "Large",
        "is_active": true,
        "created_date": "2021-12-25T20:03:14.893Z"
    }
},
{
    "model": "store.variation",
    "pk": 6,
    "fields": {
        "product": 1,
        "variation_category": "size",
        "variation_value": "Small",
        "is_active": true,
        "created_date": "2021-12-25T20:03:27.537Z"
    }
},
{
    "model": "store.variation",
    "pk": 7,
    "fields": {
        "product": 1,
        "variation_category": "size",
        "variation_value": "XL",
        "is_active": true,
        "created_date": "2021-12-25T20:03:53.983Z"
    }
},
{
    "model": "store.variation",
    "pk": 8,
    "fields": {
        "product": 1,
        "variation_category": "color",
        "variation_value": "White",
        "is_active": true,
        "created_date": "2021-12-25T20:04:01.759Z"
    }
},
{
    "model": "store.reviewrating",
    "pk": 3,
    "fields": {
        "product": 1,
        "user": 45,
        "subject": "Hope",
        "review": "ergergergerg",
        "rating": 4.0,
        "ip": "",
        "status": true,
        "created_at": "2022-01-06T11:29:12.541Z",
        "uploaded_at": "2022-01-07T07:28:03.162Z"
    }
},
{
    "model": "store.reviewrating",
    "pk": 5,
    "fields": {
        "product": 7,
        "user": 56,
        "subject": "",
        "review": "",
        "rating": 3.5,
        "ip": "http://localhost:1111/store/details/hoodie/",
        "status": true,
        "created_at": "2022-01-23T01:27:10.260Z",
        "uploaded_at": "2022-01-23T01:27:10.260Z"
    }
},
{
    "model": "store.reviewrating",
    "pk": 6,
    "fields": {
        "product": 1,
        "user": 56,
        "subject": "",
        "review": "",
        "rating": 4.0,
        "ip": "http://localhost:1234/store/details/fine-shirt/",
        "status": true,
        "created_at": "2022-01-23T02:35:12.593Z",
        "uploaded_at": "2022-01-23T02:35:12.593Z"
    }
},
{
    "model": "carts.cart",
    "pk": 1,
    "fields": {
        "cart_id": "oa3kom5mq5wqh6wx5r1etuxvqvpposik",
        "date_added": "2021-12-24T19:55:44.728Z"
    }
},
{
    "model": "carts.cart",
    "pk": 2,
    "fields": {
        "cart_id": "le968vlfs8opwmeve1va163lzgubh95c",
        "date_added": "2021-12-27T06:37:04.801Z"
    }
},
{
    "model": "carts.cart",
    "pk": 3,
    "fields": {
        "cart_id": "3o8rlqexg3uuf3dr2evoy3qve77826im",
        "date_added": "2021-12-28T05:17:53.968Z"
    }
},
{
    "model": "carts.cart",
    "pk": 4,
    "fields": {
        "cart_id": "ec0lhzsv835k1q8d96p3popqq7b0aaqq",
        "date_added": "2021-12-28T05:53:43.323Z"
    }
},
{
    "model": "carts.cart",
    "pk": 5,
    "fields": {
        "cart_id": "g916rz2kql745ubt0u2my1ib37odb6nu",
        "date_added": "2021-12-28T05:55:00.438Z"
    }
},
{
    "model": "carts.cart",
    "pk": 6,
    "fields": {
        "cart_id": "de5u6yn0j1v83bgdp33hf7huq2vmn4m8",
        "date_added": "2021-12-28T14:14:42.692Z"
    }
},
{
    "model": "carts.cart",
    "pk": 7,
    "fields": {
        "cart_id": "1obs53v6zye4cyec6bxattsfpnjc0084",
        "date_added": "2021-12-28T14:31:09.340Z"
    }
},
{
    "model": "carts.cart",
    "pk": 8,
    "fields": {
        "cart_id": "4moy75wzbxn61lam4b93rayl71ag77hc",
        "date_added": "2021-12-28T15:39:24.568Z"
    }
},
{
    "model": "carts.cart",
    "pk": 9,
    "fields": {
        "cart_id": "us3qivh782kazava0lhknifwbwqymewm",
        "date_added": "2021-12-28T15:39:55.157Z"
    }
},
{
    "model": "carts.cart",
    "pk": 10,
    "fields": {
        "cart_id": "sxwcik4jusqba7qhkdsfc85gp2q4k21m",
        "date_added": "2021-12-28T15:42:39.863Z"
    }
},
{
    "model": "carts.cart",
    "pk": 11,
    "fields": {
        "cart_id": "1awernx8zzfuezdfl0a40h6kcw4ecckt",
        "date_added": "2021-12-28T15:43:19.568Z"
    }
},
{
    "model": "carts.cart",
    "pk": 12,
    "fields": {
        "cart_id": "0w0xajxynpq8f4z3c8x54facmdh9qe3j",
        "date_added": "2021-12-28T15:44:41.239Z"
    }
},
{
    "model": "carts.cart",
    "pk": 13,
    "fields": {
        "cart_id": "yeje56wze253jfnqx1bgbd12vz2k4vub",
        "date_added": "2021-12-28T15:46:01.412Z"
    }
},
{
    "model": "carts.cart",
    "pk": 14,
    "fields": {
        "cart_id": "wprqzynfzj33rt79lq3t3xbbd1szcaph",
        "date_added": "2021-12-28T15:56:04.163Z"
    }
},
{
    "model": "carts.cart",
    "pk": 15,
    "fields": {
        "cart_id": "x133j5ed07qibb6f42rak1pfyr09sw4v",
        "date_added": "2021-12-28T15:57:01.446Z"
    }
},
{
    "model": "carts.cart",
    "pk": 16,
    "fields": {
        "cart_id": "y5cvvw3haznoo26k6jdupgrzsf5zj9ia",
        "date_added": "2021-12-28T16:04:49.623Z"
    }
},
{
    "model": "carts.cart",
    "pk": 17,
    "fields": {
        "cart_id": "63rfn2wvy90u9y2lyjpedax4y1sz3wok",
        "date_added": "2021-12-28T16:05:42.480Z"
    }
},
{
    "model": "carts.cart",
    "pk": 18,
    "fields": {
        "cart_id": "b9bkqwr7d8mt9pxwhg1x9uahagq1vtpq",
        "date_added": "2021-12-28T16:08:52.957Z"
    }
},
{
    "model": "carts.cart",
    "pk": 19,
    "fields": {
        "cart_id": "gnrfn9b4w6qbx9fow039xgu5ojjlb45a",
        "date_added": "2021-12-28T16:11:56.139Z"
    }
},
{
    "model": "carts.cart",
    "pk": 20,
    "fields": {
        "cart_id": "ryf4zu91811vrwsp0c533h6qr1kxor9x",
        "date_added": "2021-12-28T16:13:36.881Z"
    }
},
{
    "model": "carts.cart",
    "pk": 21,
    "fields": {
        "cart_id": "udxypd6khc8qe0rss2hingqpgozl4ntf",
        "date_added": "2021-12-28T16:17:22.277Z"
    }
},
{
    "model": "carts.cart",
    "pk": 22,
    "fields": {
        "cart_id": "cilqmgspnwsoxstg9x49mhk8ecdglxpi",
        "date_added": "2021-12-28T16:38:46.624Z"
    }
},
{
    "model": "carts.cart",
    "pk": 23,
    "fields": {
        "cart_id": "5jkw33umknvhcixhjx33pogv7oxpmcor",
        "date_added": "2021-12-28T16:53:52.089Z"
    }
},
{
    "model": "carts.cart",
    "pk": 24,
    "fields": {
        "cart_id": "1hkf9n703o6nxt0wqur90so0e612lrrz",
        "date_added": "2021-12-28T16:54:41.768Z"
    }
},
{
    "model": "carts.cart",
    "pk": 25,
    "fields": {
        "cart_id": "sxq10jxi0lrpnv533cjrgtz69yt09uy2",
        "date_added": "2021-12-28T17:10:10.672Z"
    }
},
{
    "model": "carts.cart",
    "pk": 26,
    "fields": {
        "cart_id": "stjpwiic7d3ff92fbrafbvlo57204zgj",
        "date_added": "2021-12-28T17:12:50.714Z"
    }
},
{
    "model": "carts.cart",
    "pk": 27,
    "fields": {
        "cart_id": "cuzi90z1xhf85ko7hsbbozv37gsqo4x1",
        "date_added": "2021-12-28T17:21:41.352Z"
    }
},
{
    "model": "carts.cart",
    "pk": 28,
    "fields": {
        "cart_id": "zejtbiggungug0eefltsq5rgkhjm6vxy",
        "date_added": "2021-12-28T17:37:29.409Z"
    }
},
{
    "model": "carts.cart",
    "pk": 29,
    "fields": {
        "cart_id": "m2g08b0wiamkvmpw5wqoxth4j20paw9f",
        "date_added": "2021-12-29T06:39:04.861Z"
    }
},
{
    "model": "carts.cart",
    "pk": 30,
    "fields": {
        "cart_id": "vadmv0k2ohiv2kmwgydxeov8wqrk4y1i",
        "date_added": "2021-12-29T06:44:08.096Z"
    }
},
{
    "model": "carts.cart",
    "pk": 31,
    "fields": {
        "cart_id": "e8ewlsft1of12fy4elnfsq9b3z30sc54",
        "date_added": "2021-12-29T06:47:53.874Z"
    }
},
{
    "model": "carts.cart",
    "pk": 32,
    "fields": {
        "cart_id": "pqevelguieojkpr2hyqg0d7rmhgrkvey",
        "date_added": "2021-12-29T06:58:52.061Z"
    }
},
{
    "model": "carts.cart",
    "pk": 33,
    "fields": {
        "cart_id": "ltvgt2bd4o423k2gplsnrhf9289pu64s",
        "date_added": "2021-12-29T06:59:37.098Z"
    }
},
{
    "model": "carts.cart",
    "pk": 34,
    "fields": {
        "cart_id": "4mu5puqng5pvnqyn414gi49n8n2938ya",
        "date_added": "2021-12-29T07:00:13.671Z"
    }
},
{
    "model": "carts.cart",
    "pk": 35,
    "fields": {
        "cart_id": "km2qow4k3ikauts8ysn0jbkrev988hjb",
        "date_added": "2021-12-29T07:02:37.106Z"
    }
},
{
    "model": "carts.cart",
    "pk": 36,
    "fields": {
        "cart_id": "9yucck8i5lmrtmkkzyfwyecfq1pr16f9",
        "date_added": "2021-12-29T07:09:03.195Z"
    }
},
{
    "model": "carts.cart",
    "pk": 37,
    "fields": {
        "cart_id": "6bouzhrnypca155eslbk0ijg6lzrvfoy",
        "date_added": "2021-12-30T12:25:19.770Z"
    }
},
{
    "model": "carts.cart",
    "pk": 38,
    "fields": {
        "cart_id": "v345hhzw832eas03sji9enyvdn60be8r",
        "date_added": "2021-12-31T20:18:02.245Z"
    }
},
{
    "model": "carts.cartitem",
    "pk": 109,
    "fields": {
        "user": null,
        "product": 1,
        "cart": 30,
        "quantity": 1,
        "is_active": true,
        "variations": [
            3,
            6
        ]
    }
},
{
    "model": "carts.cartitem",
    "pk": 112,
    "fields": {
        "user": null,
        "product": 1,
        "cart": 32,
        "quantity": 1,
        "is_active": true,
        "variations": [
            3,
            6
        ]
    }
},
{
    "model": "carts.cartitem",
    "pk": 115,
    "fields": {
        "user": null,
        "product": 1,
        "cart": 35,
        "quantity": 1,
        "is_active": true,
        "variations": [
            3,
            6
        ]
    }
},
{
    "model": "carts.cartitem",
    "pk": 117,
    "fields": {
        "user": null,
        "product": 1,
        "cart": 37,
        "quantity": 2,
        "is_active": true,
        "variations": [
            2,
            6
        ]
    }
},
{
    "model": "carts.cartitem",
    "pk": 122,
    "fields": {
        "user": 45,
        "product": 1,
        "cart": 38,
        "quantity": 1,
        "is_active": true,
        "variations": [
            3,
            7
        ]
    }
},
{
    "model": "carts.cartitem",
    "pk": 123,
    "fields": {
        "user": 45,
        "product": 7,
        "cart": 38,
        "quantity": 1,
        "is_active": true,
        "variations": [
            1,
            5
        ]
    }
},
{
    "model": "carts.cartitem",
    "pk": 124,
    "fields": {
        "user": 45,
        "product": 1,
        "cart": null,
        "quantity": 1,
        "is_active": true,
        "variations": [
            3,
            6
        ]
    }
},
{
    "model": "carts.cartitem",
    "pk": 156,
    "fields": {
        "user": 56,
        "product": 1,
        "cart": null,
        "quantity": 1,
        "is_active": true,
        "variations": [
            3,
            6
        ]
    }
},
{
    "model": "orders.order",
    "pk": 88,
    "fields": {
        "user": 56,
        "paymentID": "54",
        "order_number": "2022010988",
        "first_name": "God'sLove",
        "last_name": "Password",
        "phone_number": "08140590029",
        "email": "kingpeace12345@gmail.com",
        "address_line": "B35A",
        "order_note": "fxhjtrxhytr",
        "order_total": 10200.0,
        "tax": 200.0,
        "status": "New",
        "ip": "127.0.0.1",
        "is_ordered": true,
        "created_at": "2022-01-09T17:10:00.588Z",
        "updated_at": "2022-01-09T17:10:13.912Z"
    }
},
{
    "model": "orders.order",
    "pk": 89,
    "fields": {
        "user": 56,
        "paymentID": "55",
        "order_number": "2022012389",
        "first_name": "Faboya",
        "last_name": "James",
        "phone_number": "08140590029",
        "email": "kingpeace12345@gmail.com",
        "address_line": "B35A,SSQ, UNIVERSITY OF BENIN, BENIN-CITY",
        "order_note": "c",
        "order_total": 5100.0,
        "tax": 100.0,
        "status": "New",
        "ip": "172.27.0.1",
        "is_ordered": false,
        "created_at": "2022-01-23T02:36:18.412Z",
        "updated_at": "2022-01-23T02:36:19.600Z"
    }
},
{
    "model": "orders.order",
    "pk": 90,
    "fields": {
        "user": 56,
        "paymentID": "56",
        "order_number": "2022012390",
        "first_name": "Faboya",
        "last_name": "James",
        "phone_number": "08140590029",
        "email": "kingpeace12345@gmail.com",
        "address_line": "B35A,SSQ, UNIVERSITY OF BENIN, BENIN-CITY",
        "order_note": "c",
        "order_total": 5100.0,
        "tax": 100.0,
        "status": "New",
        "ip": "172.27.0.1",
        "is_ordered": false,
        "created_at": "2022-01-23T02:36:56.551Z",
        "updated_at": "2022-01-23T02:36:57.545Z"
    }
},
{
    "model": "orders.order",
    "pk": 91,
    "fields": {
        "user": 56,
        "paymentID": "57",
        "order_number": "2022012391",
        "first_name": "Faboya",
        "last_name": "James",
        "phone_number": "08140590029",
        "email": "kingpeace12345@gmail.com",
        "address_line": "B35A,SSQ, UNIVERSITY OF BENIN, BENIN-CITY",
        "order_note": "c",
        "order_total": 5100.0,
        "tax": 100.0,
        "status": "New",
        "ip": "172.27.0.1",
        "is_ordered": false,
        "created_at": "2022-01-23T02:37:22.915Z",
        "updated_at": "2022-01-23T02:37:23.394Z"
    }
},
{
    "model": "orders.orderproduct",
    "pk": 41,
    "fields": {
        "order": 88,
        "payment": 54,
        "user": 56,
        "product": 1,
        "quantity": 1,
        "product_price": 5000.0,
        "ordered": true,
        "created_at": "2022-01-09T17:10:14.047Z",
        "updated_at": "2022-01-09T17:10:14.370Z",
        "variation": [
            2,
            6
        ]
    }
},
{
    "model": "orders.orderproduct",
    "pk": 42,
    "fields": {
        "order": 88,
        "payment": 54,
        "user": 56,
        "product": 7,
        "quantity": 1,
        "product_price": 5000.0,
        "ordered": true,
        "created_at": "2022-01-09T17:10:14.550Z",
        "updated_at": "2022-01-09T17:10:14.792Z",
        "variation": [
            1,
            5
        ]
    }
},
{
    "model": "payments.payment",
    "pk": 1,
    "fields": {
        "user": 45,
        "amount": 10200,
        "ref": "FBP9Hi22K0bhZj6PPlF-Mc3S19KgrwWG3eXk6jP2aHSQmiWdPWTc-01AbfaQEPgXYo4",
        "email": "cutejosh2@gmail.com",
        "verified": false,
        "date_created": "2022-01-03T09:27:39.241Z"
    }
},
{
    "model": "payments.payment",
    "pk": 2,
    "fields": {
        "user": 45,
        "amount": 10200,
        "ref": "JEU-md6ZiK48WeKBGmGCqA84CzUCoel6bGD8RT7ll69PLonllm3nk7aLj0cE60Aedzk",
        "email": "cutejosh2@gmail.com",
        "verified": false,
        "date_created": "2022-01-03T09:28:47.991Z"
    }
},
{
    "model": "payments.payment",
    "pk": 3,
    "fields": {
        "user": 45,
        "amount": 10200,
        "ref": "0A-NjOUomdFntKmcEP3n0GezHkP1inE9nAOlgl3cXRaxRQhPXA90kbfVUQ9Ue0qe_q8",
        "email": "cutejosh2@gmail.com",
        "verified": true,
        "date_created": "2022-01-03T09:33:53.817Z"
    }
},
{
    "model": "payments.payment",
    "pk": 4,
    "fields": {
        "user": 45,
        "amount": 15300,
        "ref": "ZI8F4j82qjLEZugKxRpKuCKVd2S-5CzCGL9aZqZBfdGly6MilEJWODaE0kPa67Ux3JI",
        "email": "cutejosh2@gmail.com",
        "verified": true,
        "date_created": "2022-01-03T09:40:20.972Z"
    }
},
{
    "model": "payments.payment",
    "pk": 54,
    "fields": {
        "user": 56,
        "amount": 10200,
        "ref": "LNgPttSDO60wEwr3zm15Rtg_i1nteLDXoGONcuVUn9cDvl-GD2U6GcJKFwLygt6o-Xk",
        "email": "kingpeace12345@gmail.com",
        "verified": true,
        "date_created": "2022-01-09T17:10:01.315Z"
    }
},
{
    "model": "payments.payment",
    "pk": 55,
    "fields": {
        "user": 56,
        "amount": 5100,
        "ref": "12wEGU1EAoiM2YIr_y36gu3FVoahS5_hs-j0ljPEVtd1yHWVBDZCUd0swggMpz8dLd8",
        "email": "kingpeace12345@gmail.com",
        "verified": false,
        "date_created": "2022-01-23T02:36:19.021Z"
    }
},
{
    "model": "payments.payment",
    "pk": 56,
    "fields": {
        "user": 56,
        "amount": 5100,
        "ref": "DItzkCZmd0Aj18AysOJqHZDyaOWNHPTR3sfCI2OxzM5XdINWtS7bVhoQ3obkT8rzz8g",
        "email": "kingpeace12345@gmail.com",
        "verified": false,
        "date_created": "2022-01-23T02:36:57.329Z"
    }
},
{
    "model": "payments.payment",
    "pk": 57,
    "fields": {
        "user": 56,
        "amount": 5100,
        "ref": "bMWKmM1SN9CxCAU698zM9cH7jAxsy5MqDne2tXE3iHo6UpsFlAt89XG9Z_WtCwStnRw",
        "email": "kingpeace12345@gmail.com",
        "verified": false,
        "date_created": "2022-01-23T02:37:23.143Z"
    }
}
]
